CustomerID,ChurnStatus,LoginFrequency,AvgAmountSpent,SpendingVolatility,MaxAmountSpent,IsMarried,IsDivorced,IncomeLow,IncomeHigh,Age,IsMale,TotalTransactions,TotalAmountSpent,CategoryDiversity,DaysSinceLastTransaction,CustomerTenureDays,ComplaintCount,ComplaintRatio,HasUnresolvedComplaint,ServiceResolutionRate,TotalServiceInteractions,DaysSinceLastLogin,UsesMobileApp,UsesWebsite,PrefersElectronics,PrefersClothing
1,0,34,416.5,0.0,416.5,0,0,1,0,62,1,1,416.5,1,644,0,0.0,0.0,0.0,1.0,1.0,71,1,0,1,0
2,1,5,221.06,119.924,397.37,1,0,1,0,65,1,7,1547.42,4,407,314,0.0,0.0,0.0,1.0,1.0,26,0,1,1,0
3,0,3,283.83,133.48,419.95,0,0,1,0,18,1,6,1702.98,4,449,239,0.0,0.0,0.0,1.0,1.0,46,0,1,0,0
4,0,2,183.458,131.578,382.39,0,0,1,0,21,1,5,917.29,4,369,219,0.0,0.0,0.0,0.5,2.0,128,0,1,1,0
5,0,41,250.186,129.778,475.69,0,1,0,0,21,1,8,2001.49,3,375,303,0.0,0.0,0.0,1.0,0.0,65,0,1,1,0
6,0,2,232.858,171.929,448.86,0,1,0,0,57,0,5,1164.29,4,428,118,0.0,0.0,0.0,1.0,1.0,105,0,1,0,0
7,0,32,86.73,0.0,86.73,1,0,0,1,27,0,1,86.73,1,433,0,0.0,0.0,0.0,1.0,0.0,358,1,0,0,0
8,1,17,292.411,101.422,483.91,0,0,1,0,37,1,7,2046.88,4,417,244,0.0,0.0,0.0,0.0,2.0,253,0,0,0,0
9,0,24,263.448,184.731,472.21,0,1,0,1,39,1,5,1317.24,3,438,279,0.0,0.0,0.0,1.0,1.0,187,0,1,0,1
10,1,29,199.623,158.382,471.18,1,0,0,1,68,1,7,1397.36,4,426,285,0.0,0.0,0.0,1.0,0.0,352,0,0,0,0
11,0,30,346.766,115.324,462.0,0,1,0,0,54,1,5,1733.83,2,382,288,0.0,0.0,0.0,0.5,2.0,343,0,0,0,0
12,0,43,87.1,0.0,87.1,1,0,1,0,41,0,1,87.1,1,424,0,0.0,0.0,0.0,0.5,2.0,0,0,1,1,0
13,0,10,130.673,66.387,173.13,0,1,1,0,24,0,3,392.02,3,460,66,1.0,1.0,0.0,1.0,1.0,179,1,0,0,0
14,0,26,315.954,139.548,478.59,0,0,0,0,42,1,9,2843.59,4,418,295,1.0,0.5,1.0,0.5,2.0,355,0,0,0,0
15,0,44,239.252,118.158,406.29,0,1,0,0,42,1,8,1914.02,5,380,330,1.0,0.5,1.0,0.0,2.0,199,0,0,0,0
16,1,41,224.421,137.188,470.53,0,0,0,0,30,0,9,2019.79,4,382,144,0.0,0.0,0.0,1.0,2.0,291,0,0,0,0
17,0,8,232.181,167.277,444.06,1,0,1,0,19,1,7,1625.27,5,402,174,0.0,0.0,0.0,0.5,2.0,119,0,0,1,0
18,1,37,190.276,76.001,281.73,1,0,0,1,56,0,5,951.38,3,488,228,0.0,0.0,0.0,0.0,1.0,37,0,1,0,0
19,0,39,203.452,214.312,477.83,0,1,0,1,57,0,5,1017.26,3,374,227,2.0,1.0,1.0,0.0,2.0,298,0,0,0,0
20,0,16,308.428,161.951,488.22,0,0,1,0,41,1,9,2775.85,5,379,318,0.0,0.0,0.0,1.0,1.0,138,0,1,0,1
21,0,18,182.604,124.96,380.48,0,1,0,1,64,1,5,913.02,2,516,167,0.0,0.0,0.0,1.0,0.0,198,0,1,0,0
22,0,42,263.788,143.217,463.48,0,1,1,0,42,0,6,1582.73,4,438,260,0.0,0.0,0.0,1.0,2.0,239,1,0,0,0
23,0,19,372.685,80.693,457.01,0,1,1,0,35,0,4,1490.74,2,419,292,2.0,1.0,1.0,0.5,2.0,177,1,0,0,0
24,0,12,228.644,213.914,485.5,0,0,0,0,55,1,5,1143.22,4,384,304,1.0,1.0,0.0,1.0,1.0,88,1,0,0,1
25,0,27,254.923,187.487,392.9,1,0,1,0,43,0,3,764.77,2,450,30,0.0,0.0,0.0,1.0,1.0,319,1,0,0,0
26,1,45,190.587,137.058,318.48,0,0,0,0,31,1,3,571.76,3,368,150,1.0,1.0,0.0,1.0,1.0,93,1,0,0,0
27,0,22,276.325,124.43,415.81,0,0,0,0,26,1,8,2210.6,5,416,310,0.0,0.0,0.0,0.0,1.0,91,1,0,0,1
28,0,42,283.71,143.076,467.92,0,0,0,1,27,0,6,1702.26,3,378,346,1.0,0.5,1.0,0.0,2.0,66,0,0,1,0
29,0,34,284.357,225.84,438.71,0,1,0,0,38,0,3,853.07,2,463,215,0.0,0.0,0.0,0.5,2.0,120,0,1,0,1
30,0,38,353.33,134.987,448.78,0,1,0,1,69,1,2,706.66,2,470,127,2.0,1.0,1.0,0.5,2.0,172,0,1,0,0
31,0,23,221.712,91.47,314.38,0,1,1,0,34,1,5,1108.56,3,387,330,1.0,0.5,0.0,1.0,2.0,136,0,0,0,0
32,0,48,245.104,144.882,460.5,1,0,0,1,69,0,5,1225.52,4,453,217,0.0,0.0,0.0,1.0,0.0,359,1,0,0,0
33,1,24,344.5,17.027,356.54,0,1,0,1,23,1,2,689.0,2,419,92,0.0,0.0,0.0,1.0,1.0,226,1,0,0,1
34,0,44,209.6,109.653,383.48,0,0,0,1,33,1,9,1886.4,4,374,348,0.0,0.0,0.0,0.5,2.0,272,0,0,0,1
35,0,19,259.947,184.215,471.59,1,0,1,0,65,1,3,779.84,3,479,158,1.0,1.0,1.0,0.0,1.0,222,1,0,0,0
36,0,6,220.258,184.255,452.54,0,0,1,0,18,0,6,1321.55,4,430,239,0.0,0.0,0.0,1.0,1.0,323,0,0,1,0
37,0,3,351.876,144.519,495.59,1,0,0,0,36,0,9,3166.88,4,389,335,1.0,1.0,0.0,1.0,1.0,125,0,0,0,1
38,0,47,291.62,231.093,431.43,1,0,1,0,53,0,3,874.86,2,391,285,0.0,0.0,0.0,1.0,1.0,34,0,0,0,0
39,0,26,238.388,179.076,439.79,1,0,0,0,42,1,5,1191.94,3,385,249,0.0,0.0,0.0,1.0,0.0,345,0,0,1,0
40,0,20,225.479,110.075,339.69,0,0,1,0,67,0,7,1578.35,3,516,203,1.0,1.0,0.0,1.0,1.0,78,0,1,0,0
41,1,38,181.61,209.657,329.86,1,0,0,1,69,0,2,363.22,2,684,9,0.0,0.0,0.0,0.0,1.0,180,1,0,0,1
42,0,10,176.87,129.675,326.29,0,0,0,0,47,1,3,530.61,2,436,190,0.0,0.0,0.0,1.0,0.0,167,1,0,0,0
43,0,25,316.233,63.385,396.79,0,0,1,0,37,1,7,2213.63,4,424,247,0.0,0.0,0.0,0.5,2.0,220,1,0,0,1
44,0,35,229.273,193.596,423.71,0,0,1,0,37,0,3,687.82,2,403,290,0.0,0.0,0.0,0.0,1.0,48,1,0,0,0
45,0,49,300.42,0.0,300.42,0,0,1,0,32,0,1,300.42,1,373,0,1.0,1.0,1.0,0.0,1.0,120,0,0,0,0
46,1,24,134.67,0.0,134.67,1,0,0,1,57,0,1,134.67,1,498,0,0.0,0.0,0.0,1.0,0.0,153,0,0,1,0
47,0,21,209.481,102.096,336.93,1,0,0,0,50,0,7,1466.37,5,407,234,0.0,0.0,0.0,1.0,0.0,256,0,1,0,0
48,0,34,228.184,125.391,429.87,0,1,0,0,19,1,7,1597.29,5,387,202,0.0,0.0,0.0,1.0,0.0,202,0,1,0,0
49,0,18,213.827,146.325,354.86,0,0,0,0,27,0,3,641.48,3,572,98,0.0,0.0,0.0,1.0,0.0,315,0,0,0,0
50,0,19,378.655,85.42,469.96,0,0,1,0,50,0,4,1514.62,3,387,334,1.0,0.5,1.0,0.0,2.0,169,0,0,0,0
51,1,3,183.287,254.159,476.36,0,1,0,0,49,1,3,549.86,3,529,118,0.0,0.0,0.0,1.0,0.0,61,1,0,0,0
52,0,6,401.25,0.0,401.25,0,0,0,0,28,1,1,401.25,1,682,0,0.0,0.0,0.0,1.0,0.0,318,1,0,0,0
53,0,20,179.334,136.359,420.01,0,0,1,0,41,0,7,1255.34,4,368,290,0.0,0.0,0.0,1.0,0.0,90,1,0,0,0
54,0,22,230.605,74.239,283.1,1,0,1,0,53,0,2,461.21,2,545,21,1.0,0.5,0.0,1.0,2.0,345,0,0,0,0
55,0,33,225.87,151.063,433.0,0,0,1,0,29,0,5,1129.35,3,481,241,0.0,0.0,0.0,1.0,0.0,135,0,1,0,1
56,0,14,288.692,126.664,462.05,1,0,1,0,68,0,5,1443.46,4,381,212,0.0,0.0,0.0,1.0,0.0,133,1,0,0,0
57,0,44,199.25,105.463,295.23,0,1,0,1,46,0,3,597.75,3,398,280,1.0,1.0,1.0,0.0,1.0,164,0,0,0,0
58,0,9,369.303,70.255,467.63,0,0,0,1,52,1,6,2215.82,4,408,272,1.0,0.5,1.0,0.0,2.0,258,0,0,0,1
59,0,45,97.503,44.143,139.62,1,0,0,0,18,1,3,292.51,2,395,129,0.0,0.0,0.0,1.0,0.0,20,0,0,1,0
60,0,25,195.272,194.451,457.37,0,0,0,1,18,0,4,781.09,4,376,321,0.0,0.0,0.0,0.5,2.0,304,1,0,0,0
61,1,47,226.323,97.736,308.15,0,0,1,0,54,1,3,678.97,2,446,262,1.0,1.0,0.0,1.0,1.0,4,0,1,1,0
62,0,16,210.0,127.9,359.92,1,0,0,1,23,0,4,840.0,4,400,326,1.0,0.5,0.0,1.0,2.0,126,1,0,0,0
63,0,7,245.012,130.288,436.58,1,0,1,0,56,1,9,2205.11,5,383,283,0.0,0.0,0.0,1.0,0.0,219,1,0,0,0
64,0,11,321.737,158.148,494.58,0,0,0,1,58,0,3,965.21,3,378,230,0.0,0.0,0.0,1.0,0.0,211,0,0,0,1
65,0,27,271.978,156.601,462.37,0,1,1,0,35,0,5,1359.89,3,409,127,0.0,0.0,0.0,1.0,0.0,97,1,0,1,0
66,0,40,176.139,113.449,407.13,0,0,0,0,33,1,8,1409.11,4,375,337,0.0,0.0,0.0,1.0,0.0,136,0,0,0,0
67,0,17,175.44,138.221,301.42,0,0,0,0,22,0,4,701.76,2,417,277,0.0,0.0,0.0,1.0,2.0,161,0,0,0,1
68,1,5,221.62,125.741,363.53,0,1,0,1,59,0,4,886.48,4,420,178,1.0,0.5,1.0,0.0,2.0,159,0,1,0,0
69,0,29,259.632,126.813,421.42,0,0,1,0,60,0,4,1038.53,3,392,262,0.0,0.0,0.0,1.0,1.0,48,1,0,0,0
70,0,10,350.569,126.305,492.36,1,0,0,0,49,0,7,2453.98,4,383,343,0.0,0.0,0.0,1.0,0.0,291,1,0,0,0
71,1,47,158.197,19.485,172.53,0,1,1,0,19,0,3,474.59,2,423,298,0.0,0.0,0.0,0.5,2.0,136,0,0,0,0
72,1,25,180.067,152.002,388.6,0,1,0,1,19,0,6,1080.4,3,404,307,2.0,1.0,1.0,0.5,2.0,250,0,0,0,1
73,1,24,250.469,121.238,451.24,0,0,1,0,57,1,9,2254.22,3,410,310,0.0,0.0,0.0,1.0,1.0,65,0,0,0,1
74,0,44,260.474,130.559,443.75,0,0,1,0,59,1,8,2083.79,5,491,154,1.0,1.0,0.0,1.0,1.0,315,1,0,0,1
75,1,12,192.492,92.216,259.91,0,0,0,1,53,0,4,769.97,4,365,130,0.0,0.0,0.0,1.0,1.0,197,1,0,0,0
76,1,5,220.98,197.223,470.61,0,0,0,0,56,0,4,883.92,2,389,271,1.0,0.5,1.0,0.5,2.0,236,0,1,0,0
77,0,29,224.632,127.621,460.67,0,1,0,1,29,1,8,1797.06,3,392,327,0.0,0.0,0.0,1.0,0.0,77,0,0,0,1
78,0,35,272.297,167.951,377.08,0,0,1,0,64,1,3,816.89,2,624,46,0.0,0.0,0.0,0.0,1.0,85,1,0,0,0
79,1,23,310.44,248.357,463.19,1,0,0,1,36,1,3,931.32,2,382,341,1.0,1.0,0.0,1.0,1.0,255,0,0,0,0
80,0,32,110.82,0.0,110.82,0,0,0,1,45,1,1,110.82,1,635,0,0.0,0.0,0.0,1.0,0.0,205,1,0,0,0
81,1,40,272.721,161.355,494.59,0,0,1,0,18,0,8,2181.77,4,487,219,0.0,0.0,0.0,1.0,0.0,28,0,1,0,0
82,0,19,232.38,0.0,232.38,0,1,0,1,32,0,1,232.38,1,698,0,0.0,0.0,0.0,1.0,0.0,237,1,0,0,1
83,0,25,236.653,163.956,458.03,0,0,0,0,53,1,6,1419.92,4,442,280,0.0,0.0,0.0,0.0,2.0,0,1,0,0,1
84,0,45,309.182,107.976,477.4,0,1,0,0,30,1,5,1545.91,4,381,322,0.0,0.0,0.0,1.0,0.0,31,0,0,0,0
85,0,37,187.787,99.086,368.18,1,0,0,1,60,1,9,1690.08,4,390,265,0.0,0.0,0.0,1.0,0.0,145,1,0,0,0
86,0,1,239.237,159.223,452.17,1,0,1,0,38,1,7,1674.66,3,394,266,0.0,0.0,0.0,1.0,0.0,74,0,1,0,1
87,0,43,282.368,187.973,472.13,0,0,0,1,29,0,5,1411.84,4,370,153,1.0,0.5,1.0,0.5,2.0,39,0,1,0,1
88,0,13,223.67,0.976,224.36,0,0,0,1,22,1,2,447.34,2,505,198,0.0,0.0,0.0,1.0,0.0,326,0,0,0,1
89,0,12,278.856,157.954,480.04,0,0,0,0,24,1,7,1951.99,4,445,220,0.0,0.0,0.0,1.0,0.0,116,1,0,1,0
90,0,47,204.993,149.938,433.71,1,0,0,0,22,1,6,1229.96,4,366,356,0.0,0.0,0.0,1.0,1.0,215,0,0,0,0
91,0,43,200.527,197.273,486.45,0,0,1,0,65,0,9,1804.74,5,429,298,0.0,0.0,0.0,0.5,2.0,331,1,0,0,0
92,0,37,283.16,150.776,432.99,0,1,1,0,21,0,8,2265.28,5,387,189,0.0,0.0,0.0,0.5,2.0,183,1,0,0,0
93,0,42,169.614,117.162,359.19,1,0,1,0,30,0,5,848.07,3,386,191,2.0,1.0,0.0,1.0,2.0,76,1,0,0,0
94,0,41,371.203,67.991,430.25,0,0,0,1,54,1,3,1113.61,2,367,239,0.0,0.0,0.0,1.0,0.0,187,0,1,0,0
95,0,12,225.757,99.969,323.59,0,0,0,1,58,0,3,677.27,3,419,271,1.0,1.0,0.0,1.0,1.0,194,0,0,0,1
96,0,36,161.84,0.0,161.84,0,1,0,1,32,0,1,161.84,1,494,0,2.0,1.0,1.0,0.0,2.0,307,1,0,1,0
97,0,38,276.825,172.117,398.53,0,0,0,1,33,1,2,553.65,1,476,138,1.0,0.5,0.0,1.0,2.0,11,0,1,0,0
98,0,9,178.752,82.793,286.81,0,1,1,0,38,0,5,893.76,4,415,301,0.0,0.0,0.0,1.0,1.0,222,1,0,1,0
99,0,14,177.95,179.902,475.22,0,0,1,0,53,1,5,889.75,4,417,288,0.0,0.0,0.0,1.0,0.0,324,0,0,0,0
100,1,45,277.14,190.902,453.32,1,0,1,0,41,0,4,1108.56,2,369,313,1.0,0.5,0.0,1.0,2.0,212,0,0,0,1
101,0,35,492.35,0.0,492.35,0,0,0,1,33,0,1,492.35,1,571,0,0.0,0.0,0.0,0.5,2.0,350,0,0,0,0
102,0,32,338.327,166.333,481.44,1,0,0,1,31,1,6,2029.96,4,366,316,1.0,0.5,1.0,0.5,2.0,351,0,0,1,0
103,0,46,255.303,140.702,469.32,0,0,1,0,39,1,9,2297.73,4,376,353,0.0,0.0,0.0,1.0,2.0,248,1,0,0,0
104,1,3,296.316,163.573,483.57,0,0,0,0,66,0,9,2666.84,4,377,326,0.0,0.0,0.0,0.5,2.0,283,0,0,1,0
105,0,30,232.95,142.124,444.57,0,0,1,0,67,0,8,1863.6,3,376,323,0.0,0.0,0.0,0.0,2.0,7,0,1,0,0
106,0,49,291.693,188.664,499.56,1,0,0,1,23,1,3,875.08,3,397,323,1.0,0.5,1.0,0.5,2.0,164,1,0,0,1
107,1,7,257.127,191.183,481.43,1,0,0,1,59,0,6,1542.76,4,400,276,0.0,0.0,0.0,1.0,0.0,338,0,0,0,1
108,1,1,247.155,167.478,365.58,0,1,1,0,53,1,2,494.31,2,439,119,0.0,0.0,0.0,0.0,2.0,282,1,0,0,0
109,0,20,212.45,126.762,348.8,1,0,0,0,18,1,6,1274.7,5,372,330,1.0,0.5,1.0,0.0,2.0,247,1,0,0,0
110,1,25,241.0,154.807,356.25,1,0,0,0,49,1,3,723.0,3,413,107,0.0,0.0,0.0,1.0,2.0,82,0,1,0,0
111,1,33,306.59,62.013,350.44,0,0,0,1,23,0,2,613.18,2,448,266,0.0,0.0,0.0,0.0,1.0,197,0,1,0,0
112,0,35,250.057,78.553,338.38,0,1,0,1,48,0,3,750.17,3,367,343,0.0,0.0,0.0,1.0,1.0,76,0,1,0,0
113,0,44,262.001,196.962,479.5,1,0,0,1,18,0,7,1834.01,4,438,277,1.0,1.0,1.0,0.0,1.0,263,0,0,0,0
114,0,24,266.66,144.77,476.62,1,0,1,0,67,0,8,2133.28,5,392,333,0.0,0.0,0.0,1.0,0.0,151,0,1,0,0
115,0,14,130.724,93.408,275.8,0,0,0,1,68,0,5,653.62,4,465,188,0.0,0.0,0.0,1.0,0.0,101,1,0,0,1
116,0,39,214.897,108.281,364.59,1,0,0,1,54,1,7,1504.28,3,376,303,1.0,1.0,0.0,1.0,1.0,133,1,0,0,0
117,0,44,224.24,17.282,236.46,0,0,0,1,52,0,2,448.48,2,369,255,0.0,0.0,0.0,1.0,0.0,6,0,0,0,1
118,0,34,270.898,128.233,405.37,0,1,0,0,66,1,6,1625.39,4,378,327,0.0,0.0,0.0,0.0,1.0,91,0,0,0,1
119,1,18,251.541,105.336,380.8,0,0,0,0,47,1,8,2012.33,5,422,276,1.0,0.5,0.0,1.0,2.0,277,1,0,0,0
120,0,2,194.798,171.248,453.15,0,0,0,1,21,0,6,1168.79,3,367,234,1.0,0.5,0.0,0.5,2.0,311,0,0,0,0
121,0,38,214.602,190.052,492.28,0,1,0,0,52,1,5,1073.01,4,404,277,2.0,1.0,1.0,0.5,2.0,113,1,0,0,0
122,1,17,313.947,177.308,491.19,0,0,0,0,60,0,9,2825.52,5,380,270,0.0,0.0,0.0,1.0,1.0,200,1,0,0,0
123,1,23,312.86,170.417,442.76,0,0,0,0,31,1,3,938.58,2,380,179,0.0,0.0,0.0,1.0,2.0,291,1,0,0,0
124,0,33,326.269,125.965,494.01,1,0,0,0,66,1,7,2283.88,4,399,260,0.0,0.0,0.0,1.0,2.0,315,0,1,0,0
125,0,28,372.445,3.528,374.94,0,0,1,0,57,1,2,744.89,2,488,97,0.0,0.0,0.0,1.0,0.0,193,0,0,1,0
126,0,15,258.113,173.862,456.04,0,1,0,0,39,0,9,2323.02,4,414,268,0.0,0.0,0.0,1.0,0.0,231,0,1,0,1
127,0,11,247.021,173.722,488.18,1,0,0,0,27,0,8,1976.17,4,365,308,0.0,0.0,0.0,1.0,1.0,347,0,1,0,0
128,1,23,315.1,237.093,482.75,0,1,0,0,18,0,2,630.2,2,604,41,2.0,1.0,1.0,0.5,2.0,177,0,1,0,0
129,0,13,121.775,8.309,127.65,0,0,0,0,28,0,2,243.55,2,397,253,0.0,0.0,0.0,1.0,1.0,285,0,1,0,0
130,0,47,276.115,163.066,391.42,0,1,1,0,68,1,2,552.23,1,419,216,0.0,0.0,0.0,0.0,1.0,309,1,0,1,0
131,0,11,340.838,94.862,450.67,0,1,1,0,61,0,8,2726.7,5,452,190,0.0,0.0,0.0,1.0,1.0,98,0,1,1,0
132,0,36,208.882,149.137,405.19,0,0,0,1,41,0,9,1879.94,5,438,279,0.0,0.0,0.0,1.0,0.0,199,0,1,1,0
133,0,38,224.068,153.27,376.77,0,0,0,0,20,1,4,896.27,2,489,237,0.0,0.0,0.0,1.0,1.0,262,1,0,1,0
134,0,27,261.68,141.109,478.02,0,0,0,0,52,1,6,1570.08,4,367,321,0.0,0.0,0.0,0.0,1.0,360,1,0,0,1
135,0,18,220.875,214.656,372.66,0,0,0,1,53,0,2,441.75,2,586,89,0.0,0.0,0.0,1.0,0.0,195,1,0,0,0
136,0,40,209.93,25.781,228.16,0,0,1,0,48,1,2,419.86,2,366,136,0.0,0.0,0.0,1.0,0.0,54,1,0,0,0
137,1,38,431.47,0.0,431.47,1,0,0,1,21,0,1,431.47,1,560,0,0.0,0.0,0.0,1.0,0.0,195,0,0,1,0
138,0,34,350.581,122.856,498.24,0,1,1,0,36,1,8,2804.65,4,447,267,0.0,0.0,0.0,0.0,1.0,286,0,0,0,1
139,0,22,292.213,157.859,493.64,0,0,0,1,64,0,7,2045.49,2,527,152,0.0,0.0,0.0,0.5,2.0,211,0,1,1,0
140,0,18,341.41,220.546,490.3,1,0,0,1,53,1,3,1024.23,2,475,32,0.0,0.0,0.0,1.0,1.0,71,1,0,0,1
141,0,41,354.821,152.529,485.11,0,0,0,0,38,0,7,2483.75,4,392,266,2.0,1.0,0.0,1.0,2.0,186,0,0,0,1
142,0,18,278.398,102.522,395.87,0,1,0,1,35,1,5,1391.99,3,396,183,0.0,0.0,0.0,0.0,1.0,248,1,0,0,0
143,0,13,171.635,38.686,198.99,0,0,1,0,68,0,2,343.27,1,663,12,0.0,0.0,0.0,1.0,1.0,6,0,1,0,0
144,1,39,419.85,0.0,419.85,1,0,1,0,45,0,1,419.85,1,430,0,0.0,0.0,0.0,1.0,1.0,316,0,0,1,0
145,0,16,353.74,164.964,484.18,1,0,0,1,32,0,5,1768.7,2,378,264,1.0,0.5,1.0,0.0,2.0,81,0,0,0,0
146,0,8,274.746,155.018,418.07,0,1,1,0,59,0,5,1373.73,4,372,184,0.0,0.0,0.0,1.0,0.0,19,1,0,0,1
147,0,34,282.542,152.808,489.82,0,0,0,1,19,0,8,2260.34,4,399,306,1.0,0.5,1.0,0.5,2.0,120,1,0,0,1
148,0,29,13.04,0.0,13.04,1,0,0,0,54,0,1,13.04,1,393,0,1.0,0.5,0.0,0.5,2.0,297,0,1,0,0
149,0,6,444.84,0.0,444.84,0,0,0,0,28,1,1,444.84,1,612,0,1.0,1.0,0.0,1.0,1.0,317,0,0,0,0
150,0,38,149.158,133.732,398.49,0,0,0,0,40,0,8,1193.26,5,383,313,0.0,0.0,0.0,1.0,0.0,185,1,0,0,0
151,0,36,334.2,0.0,334.2,0,0,0,0,61,1,1,334.2,1,376,0,0.0,0.0,0.0,0.5,2.0,212,1,0,0,0
152,0,48,206.971,151.403,395.38,1,0,0,1,58,0,7,1448.8,3,383,320,0.0,0.0,0.0,1.0,0.0,92,1,0,0,0
153,0,42,347.032,126.664,485.08,1,0,1,0,29,1,5,1735.16,4,447,218,1.0,1.0,1.0,0.0,1.0,339,0,0,0,0
154,0,26,250.507,130.551,445.69,0,1,0,1,20,0,7,1753.55,3,504,212,0.0,0.0,0.0,1.0,0.0,256,1,0,0,0
155,0,18,235.385,184.448,433.5,0,1,1,0,69,1,8,1883.08,4,438,236,2.0,1.0,0.0,1.0,2.0,267,0,1,0,1
156,0,11,100.417,64.678,213.27,0,0,0,1,34,0,7,702.92,4,554,162,0.0,0.0,0.0,1.0,0.0,184,1,0,0,0
157,0,27,344.669,151.212,496.79,1,0,1,0,50,1,7,2412.68,4,417,287,0.0,0.0,0.0,1.0,0.0,201,1,0,0,0
158,0,30,210.184,154.722,408.06,1,0,1,0,18,0,7,1471.29,5,436,259,0.0,0.0,0.0,1.0,0.0,89,0,0,0,0
159,0,18,25.75,0.0,25.75,1,0,0,1,56,1,1,25.75,1,641,0,1.0,0.5,1.0,0.0,2.0,234,0,1,1,0
160,1,43,256.641,124.306,422.9,1,0,0,0,37,1,8,2053.13,4,383,325,1.0,0.5,0.0,0.5,2.0,243,0,0,0,0
161,0,4,330.64,69.608,399.28,0,0,0,1,64,1,6,1983.84,4,486,155,1.0,1.0,1.0,0.0,1.0,160,1,0,1,0
162,0,6,141.96,129.693,290.67,1,0,0,0,60,0,3,425.88,3,502,77,1.0,0.5,0.0,0.5,2.0,203,1,0,0,0
163,0,22,354.96,121.978,492.32,0,1,0,1,69,1,3,1064.88,3,389,296,0.0,0.0,0.0,0.5,2.0,352,1,0,0,0
164,1,2,191.098,91.143,303.76,0,0,1,0,58,0,5,955.49,3,438,286,0.0,0.0,0.0,1.0,1.0,36,0,1,0,0
165,0,47,181.34,0.0,181.34,0,0,0,0,31,0,1,181.34,1,450,0,0.0,0.0,0.0,1.0,0.0,305,1,0,0,1
166,0,48,248.3,180.663,488.7,0,0,1,0,48,0,5,1241.5,3,388,328,0.0,0.0,0.0,1.0,1.0,150,0,0,0,0
167,0,40,294.544,148.108,483.63,0,0,1,0,42,0,8,2356.35,5,369,360,0.0,0.0,0.0,1.0,1.0,303,0,1,0,0
168,1,32,281.732,109.477,388.28,1,0,1,0,20,1,4,1126.93,3,589,114,2.0,1.0,1.0,0.5,2.0,124,0,1,1,0
169,0,39,240.528,154.885,428.65,0,0,0,1,21,0,9,2164.75,4,381,334,0.0,0.0,0.0,0.0,1.0,196,1,0,0,0
170,1,21,206.904,135.075,366.77,0,1,1,0,48,1,7,1448.33,4,374,327,0.0,0.0,0.0,0.0,1.0,80,0,1,0,0
171,0,8,361.816,109.935,477.4,0,0,0,1,52,0,7,2532.71,5,466,257,0.0,0.0,0.0,1.0,1.0,241,1,0,0,0
172,0,25,328.793,136.704,441.8,1,0,0,0,61,1,6,1972.76,3,400,323,1.0,0.5,1.0,0.5,2.0,19,0,1,0,0
173,0,41,202.03,80.79,257.99,1,0,1,0,31,0,3,606.09,2,447,140,0.0,0.0,0.0,1.0,1.0,70,1,0,0,0
174,1,36,257.351,172.686,457.32,1,0,0,0,66,0,7,1801.46,4,388,293,1.0,1.0,1.0,0.0,1.0,297,1,0,0,0
175,0,4,174.129,103.37,350.04,1,0,0,0,58,1,7,1218.9,4,427,253,0.0,0.0,0.0,0.5,2.0,34,0,1,0,0
176,1,15,156.13,155.989,463.56,0,0,0,1,26,0,6,936.78,4,378,348,0.0,0.0,0.0,1.0,0.0,99,0,1,0,1
177,0,28,429.79,0.0,429.79,0,1,0,0,37,0,1,429.79,1,475,0,0.0,0.0,0.0,0.0,1.0,301,0,1,1,0
178,0,20,247.21,212.094,469.67,1,0,0,1,49,0,3,741.63,2,381,156,0.0,0.0,0.0,1.0,0.0,239,0,1,0,0
179,0,38,206.29,164.501,322.61,0,0,0,1,26,0,2,412.58,2,677,8,0.0,0.0,0.0,1.0,0.0,116,0,1,1,0
180,0,6,283.704,157.613,485.2,0,0,0,0,44,0,7,1985.93,4,384,261,0.0,0.0,0.0,1.0,0.0,335,0,0,0,0
181,0,30,357.84,122.584,444.52,0,1,0,0,20,0,2,715.68,1,385,17,0.0,0.0,0.0,1.0,0.0,253,1,0,0,1
182,0,32,298.33,162.295,480.14,0,0,0,0,21,0,5,1491.65,4,434,286,0.0,0.0,0.0,1.0,2.0,202,0,0,1,0
183,1,49,378.48,74.688,431.98,0,0,0,1,62,0,3,1135.44,1,434,121,0.0,0.0,0.0,1.0,1.0,254,0,0,0,0
184,0,41,48.595,45.007,80.42,0,0,0,1,32,1,2,97.19,2,461,234,0.0,0.0,0.0,1.0,0.0,261,0,0,0,0
185,0,4,214.148,153.669,449.79,0,0,0,0,50,0,6,1284.89,4,379,256,1.0,0.5,0.0,1.0,2.0,69,0,0,0,1
186,0,35,153.623,84.683,233.53,0,1,0,1,22,1,3,460.87,2,565,137,0.0,0.0,0.0,1.0,0.0,74,1,0,0,0
187,0,30,256.63,334.306,493.02,0,0,0,0,21,0,2,513.26,2,415,204,1.0,0.5,0.0,1.0,2.0,356,1,0,0,0
188,0,49,294.708,133.208,456.67,0,0,0,1,63,1,6,1768.25,5,395,294,0.0,0.0,0.0,0.5,2.0,277,1,0,0,0
189,0,41,191.49,181.928,388.89,0,0,0,1,29,1,3,574.47,3,545,39,0.0,0.0,0.0,0.5,2.0,193,1,0,0,0
190,1,22,202.567,124.132,399.7,0,1,1,0,40,1,7,1417.97,3,424,305,0.0,0.0,0.0,0.0,1.0,274,0,1,0,0
191,0,2,277.521,110.009,404.61,0,0,1,0,31,0,7,1942.65,5,411,292,0.0,0.0,0.0,0.5,2.0,319,0,1,1,0
192,0,12,390.843,54.261,452.48,0,1,0,0,63,0,3,1172.53,2,388,233,1.0,0.5,1.0,0.5,2.0,177,0,1,1,0
193,0,34,270.34,0.0,270.34,0,0,1,0,29,1,1,270.34,1,520,0,0.0,0.0,0.0,0.5,2.0,234,0,1,0,1
194,0,34,277.794,93.577,364.98,0,0,0,1,34,0,5,1388.97,3,475,230,0.0,0.0,0.0,1.0,0.0,69,0,1,0,1
195,0,14,285.285,63.17,362.75,1,0,0,0,42,0,6,1711.71,3,540,151,0.0,0.0,0.0,0.5,2.0,299,0,1,0,0
196,0,39,266.77,155.272,491.25,0,0,1,0,47,1,8,2134.16,5,374,355,1.0,0.5,1.0,0.0,2.0,343,0,1,1,0
197,1,39,231.358,124.076,315.8,1,0,0,0,39,0,4,925.43,3,388,304,1.0,0.5,0.0,0.5,2.0,290,0,0,0,0
198,0,45,208.75,133.359,457.76,1,0,0,0,64,1,7,1461.25,4,403,253,0.0,0.0,0.0,1.0,0.0,193,0,0,0,0
199,0,6,211.708,106.575,343.69,1,0,0,1,43,1,6,1270.25,3,405,294,1.0,0.5,1.0,0.5,2.0,357,0,1,1,0
200,0,8,283.677,180.278,478.77,0,0,1,0,34,0,6,1702.06,3,422,289,1.0,0.5,0.0,1.0,2.0,324,0,0,0,0
201,1,27,318.86,175.041,446.8,1,0,0,1,37,1,3,956.58,3,655,55,0.0,0.0,0.0,0.5,2.0,139,0,0,0,0
202,0,12,336.18,0.0,336.18,0,0,0,0,51,0,1,336.18,1,565,0,0.0,0.0,0.0,1.0,2.0,299,1,0,1,0
203,0,21,294.65,142.196,437.63,0,1,0,0,58,0,6,1767.9,4,378,304,2.0,1.0,0.0,1.0,2.0,259,0,1,1,0
204,0,38,227.07,214.904,379.03,0,0,0,0,50,0,2,454.14,2,503,31,0.0,0.0,0.0,0.5,2.0,237,0,0,0,0
205,0,4,185.492,134.964,341.65,0,1,1,0,54,0,4,741.97,3,372,319,0.0,0.0,0.0,1.0,0.0,338,1,0,0,0
206,0,25,99.58,0.0,99.58,0,0,0,1,24,1,1,99.58,1,474,0,0.0,0.0,0.0,1.0,0.0,34,1,0,0,1
207,0,43,224.896,134.177,415.96,0,1,0,1,39,0,8,1799.17,4,400,297,0.0,0.0,0.0,1.0,0.0,278,0,1,0,0
208,0,24,218.445,164.395,334.69,0,0,1,0,49,0,2,436.89,1,658,64,0.0,0.0,0.0,1.0,0.0,211,0,0,0,1
209,0,12,332.015,137.104,456.81,0,1,0,1,31,0,4,1328.06,4,391,246,0.0,0.0,0.0,1.0,0.0,80,1,0,0,1
210,0,29,246.753,116.929,381.46,1,0,0,1,25,1,7,1727.27,4,438,218,0.0,0.0,0.0,1.0,0.0,160,0,0,0,1
211,0,35,203.702,132.236,343.11,0,1,0,0,42,1,6,1222.21,3,379,327,0.0,0.0,0.0,1.0,0.0,303,0,0,0,0
212,0,37,149.659,160.862,415.77,1,0,0,0,33,0,7,1047.61,5,368,231,0.0,0.0,0.0,1.0,1.0,200,0,1,1,0
213,1,30,298.984,118.992,405.27,0,0,0,0,59,0,7,2092.89,3,371,357,1.0,1.0,0.0,1.0,1.0,311,0,1,1,0
214,0,41,367.05,13.52,376.61,0,1,1,0,36,0,2,734.1,2,660,46,0.0,0.0,0.0,1.0,0.0,59,0,0,0,0
215,0,42,223.95,174.556,452.15,0,1,0,0,58,0,6,1343.7,4,381,249,1.0,0.5,1.0,0.0,2.0,54,0,0,0,0
216,0,35,314.172,90.298,440.74,0,0,0,1,33,0,5,1570.86,3,439,242,0.0,0.0,0.0,1.0,2.0,116,1,0,0,1
217,1,1,322.098,98.912,453.54,1,0,1,0,29,1,8,2576.78,4,401,279,0.0,0.0,0.0,0.0,1.0,139,0,0,0,1
218,0,40,252.367,136.958,480.54,1,0,0,1,56,0,7,1766.57,4,378,350,0.0,0.0,0.0,1.0,0.0,202,1,0,0,0
219,0,26,406.08,63.819,444.83,0,0,1,0,65,1,4,1624.32,3,451,202,0.0,0.0,0.0,1.0,0.0,166,0,0,0,0
220,0,35,343.487,78.669,424.76,0,0,0,1,47,1,3,1030.46,2,523,175,0.0,0.0,0.0,1.0,0.0,49,0,0,1,0
221,1,42,319.322,194.31,463.74,0,0,1,0,19,0,4,1277.29,3,606,111,1.0,1.0,0.0,1.0,1.0,198,1,0,0,0
222,0,7,243.207,155.551,463.5,0,1,0,1,49,1,7,1702.45,4,384,296,0.0,0.0,0.0,1.0,0.0,211,0,1,0,0
223,0,4,289.377,143.388,453.05,0,1,0,0,62,0,6,1736.26,3,414,208,0.0,0.0,0.0,1.0,1.0,162,0,0,0,0
224,0,5,315.04,183.68,498.29,0,1,1,0,42,1,8,2520.32,5,404,293,0.0,0.0,0.0,1.0,0.0,229,0,1,0,0
225,0,39,331.286,136.317,490.02,0,0,0,1,42,1,8,2650.29,3,372,293,0.0,0.0,0.0,0.5,2.0,169,0,0,1,0
226,0,11,208.74,169.428,410.81,0,0,0,1,21,0,7,1461.18,4,380,278,0.0,0.0,0.0,0.0,1.0,296,1,0,0,1
227,1,15,178.621,166.599,436.82,0,0,0,1,36,1,7,1250.35,5,376,320,0.0,0.0,0.0,1.0,0.0,53,0,0,0,1
228,0,32,364.227,106.529,497.61,0,0,0,1,65,0,6,2185.36,4,543,178,0.0,0.0,0.0,0.5,2.0,76,0,1,0,0
229,0,37,284.337,111.109,491.03,0,0,0,0,21,0,9,2559.03,4,476,199,0.0,0.0,0.0,0.0,1.0,8,0,1,0,1
230,1,9,244.678,182.286,481.72,0,1,0,0,60,0,6,1468.07,3,400,311,2.0,1.0,1.0,0.5,2.0,118,0,0,0,1
231,1,47,338.355,146.698,449.55,1,0,1,0,30,0,4,1353.42,3,370,198,0.0,0.0,0.0,1.0,0.0,314,0,0,0,0
232,0,32,260.274,142.238,485.11,0,0,1,0,56,0,8,2082.19,4,420,288,0.0,0.0,0.0,0.0,2.0,114,0,0,0,0
233,0,33,272.473,196.876,462.94,1,0,0,1,53,0,3,817.42,3,412,271,0.0,0.0,0.0,1.0,2.0,104,0,1,0,0
234,1,23,197.088,131.578,466.05,0,0,1,0,40,1,8,1576.7,5,456,256,0.0,0.0,0.0,1.0,0.0,195,0,0,1,0
235,0,15,256.833,230.695,475.22,0,1,0,1,23,1,3,770.5,1,459,187,0.0,0.0,0.0,0.0,2.0,3,1,0,1,0
236,1,30,247.165,96.213,343.69,0,0,1,0,41,0,6,1482.99,3,378,291,1.0,0.5,0.0,1.0,2.0,97,0,0,1,0
237,1,16,398.99,0.0,398.99,0,1,1,0,61,1,1,398.99,1,698,0,0.0,0.0,0.0,1.0,0.0,352,0,0,1,0
238,1,22,254.147,50.994,312.21,0,0,0,1,50,1,3,762.44,2,428,255,0.0,0.0,0.0,0.0,1.0,102,1,0,0,0
239,1,43,294.982,160.113,484.93,1,0,0,0,29,0,9,2654.84,3,384,322,1.0,1.0,1.0,0.0,1.0,83,1,0,1,0
240,0,30,429.735,40.524,458.39,0,1,0,1,58,1,2,859.47,1,400,325,1.0,1.0,0.0,1.0,1.0,157,0,0,0,0
241,0,1,242.881,138.608,444.16,0,1,0,0,38,0,9,2185.93,4,461,265,1.0,1.0,0.0,1.0,1.0,12,1,0,0,1
242,1,35,242.243,210.35,484.62,0,0,1,0,28,0,3,726.73,3,411,263,1.0,0.5,1.0,0.5,2.0,318,0,0,0,1
243,0,18,262.464,175.277,458.27,1,0,0,0,61,1,9,2362.18,4,405,316,0.0,0.0,0.0,0.0,1.0,22,0,1,0,0
244,0,15,235.7,163.212,467.07,0,0,0,1,55,0,7,1649.9,4,388,255,2.0,1.0,1.0,0.0,2.0,193,0,0,0,1
245,0,21,329.454,123.165,459.71,0,0,1,0,46,0,9,2965.09,5,415,301,0.0,0.0,0.0,1.0,0.0,227,0,0,0,0
246,0,40,292.785,164.56,481.33,0,1,0,0,65,0,4,1171.14,3,399,156,0.0,0.0,0.0,1.0,1.0,282,1,0,0,1
247,0,2,269.669,180.114,485.95,0,1,0,0,58,0,7,1887.68,3,451,271,1.0,0.5,0.0,1.0,2.0,7,0,0,0,1
248,1,30,303.828,136.412,414.89,1,0,0,1,20,1,5,1519.14,4,405,162,1.0,1.0,1.0,0.0,1.0,127,0,0,0,0
249,0,40,356.39,0.0,356.39,0,0,1,0,45,0,1,356.39,1,703,0,1.0,1.0,1.0,0.0,1.0,328,0,1,0,0
250,0,32,229.623,138.174,400.78,0,0,1,0,37,1,7,1607.36,5,368,355,0.0,0.0,0.0,1.0,1.0,356,0,1,1,0
251,1,28,281.256,63.152,374.07,0,1,0,0,43,0,7,1968.79,5,391,323,1.0,1.0,0.0,1.0,1.0,282,0,1,0,0
252,1,11,245.178,203.927,489.77,0,0,0,0,41,1,4,980.71,2,521,150,0.0,0.0,0.0,1.0,0.0,142,0,0,0,0
253,0,7,263.822,184.997,479.69,0,0,0,0,69,1,5,1319.11,4,395,310,1.0,1.0,0.0,1.0,1.0,28,0,0,0,1
254,1,1,246.696,159.417,490.17,1,0,1,0,64,0,9,2220.26,5,387,333,1.0,0.5,1.0,0.5,2.0,128,1,0,1,0
255,0,43,381.813,170.269,495.75,0,1,0,0,38,1,7,2672.69,4,368,316,1.0,1.0,1.0,0.0,1.0,197,1,0,0,0
256,0,28,208.67,0.0,208.67,0,0,0,0,47,0,1,208.67,1,450,0,0.0,0.0,0.0,0.5,2.0,127,1,0,0,0
257,0,39,92.62,0.0,92.62,0,0,1,0,21,0,1,92.62,1,708,0,0.0,0.0,0.0,1.0,1.0,334,0,1,0,0
258,0,19,208.212,163.043,403.78,0,0,1,0,53,1,4,832.85,2,420,263,1.0,0.5,1.0,0.5,2.0,197,1,0,0,0
259,0,39,244.945,159.465,445.93,0,0,0,1,57,1,6,1469.67,4,435,286,0.0,0.0,0.0,1.0,1.0,290,0,0,0,0
260,1,32,299.465,156.551,467.01,0,0,1,0,27,1,8,2395.72,5,426,240,0.0,0.0,0.0,1.0,1.0,129,0,1,0,0
261,1,49,489.07,0.0,489.07,1,0,1,0,27,1,1,489.07,1,579,0,1.0,1.0,1.0,0.0,1.0,216,0,0,0,1
262,1,30,326.732,158.444,474.7,0,1,0,1,59,0,9,2940.59,5,391,320,0.0,0.0,0.0,0.0,2.0,330,0,1,0,0
263,0,2,13.04,0.0,13.04,0,0,1,0,41,1,1,13.04,1,416,0,1.0,0.5,0.0,1.0,2.0,3,0,1,0,0
264,0,44,262.51,77.357,317.21,0,0,0,1,21,0,2,525.02,2,526,88,0.0,0.0,0.0,1.0,1.0,298,0,0,0,0
265,0,43,302.374,154.948,493.46,0,0,1,0,64,1,5,1511.87,4,490,190,0.0,0.0,0.0,1.0,0.0,269,0,0,0,0
266,0,37,459.39,0.0,459.39,1,0,0,1,44,1,1,459.39,1,619,0,0.0,0.0,0.0,1.0,1.0,358,0,0,0,0
267,0,19,153.787,103.728,218.75,0,0,0,0,68,0,3,461.36,3,403,234,0.0,0.0,0.0,0.0,1.0,37,0,0,0,0
268,0,26,219.232,57.027,298.18,0,1,0,0,62,1,5,1096.16,3,413,282,0.0,0.0,0.0,1.0,0.0,12,1,0,0,0
269,0,1,235.986,158.589,495.06,0,0,0,0,21,0,9,2123.87,4,384,261,0.0,0.0,0.0,0.5,2.0,198,1,0,0,0
270,0,42,244.913,213.165,477.21,0,0,0,1,49,1,3,734.74,2,402,288,0.0,0.0,0.0,0.0,1.0,263,1,0,0,0
271,1,28,288.657,78.697,357.78,0,0,0,0,27,1,3,865.97,3,371,326,0.0,0.0,0.0,1.0,0.0,64,0,0,0,0
272,1,26,146.255,140.679,377.43,0,1,1,0,28,0,8,1170.04,4,468,245,0.0,0.0,0.0,0.0,2.0,168,0,0,0,0
273,0,40,223.261,143.358,389.51,0,0,0,1,45,0,7,1562.83,3,393,226,0.0,0.0,0.0,1.0,0.0,123,1,0,0,1
274,0,35,279.332,57.063,331.14,0,0,1,0,63,0,4,1117.33,4,497,225,0.0,0.0,0.0,0.0,1.0,341,0,0,0,0
275,0,3,201.93,120.261,324.5,0,1,1,0,25,0,3,605.79,2,573,155,0.0,0.0,0.0,0.5,2.0,199,0,1,0,0
276,1,26,295.671,165.331,499.86,0,0,1,0,57,0,7,2069.7,4,457,201,0.0,0.0,0.0,1.0,0.0,212,0,0,0,0
277,0,33,202.963,104.469,335.68,0,0,0,1,39,0,6,1217.78,4,420,286,0.0,0.0,0.0,1.0,0.0,178,1,0,1,0
278,0,22,284.62,127.816,489.08,1,0,1,0,51,0,5,1423.1,4,495,179,0.0,0.0,0.0,0.0,1.0,312,0,0,0,0
279,0,6,302.485,190.17,469.02,0,1,0,0,62,1,4,1209.94,3,557,159,0.0,0.0,0.0,1.0,1.0,263,1,0,0,1
280,0,42,209.082,118.181,326.61,0,0,0,1,52,0,4,836.33,3,410,191,1.0,0.5,1.0,0.5,2.0,42,0,0,0,0
281,0,34,195.494,168.958,469.65,1,0,0,0,52,1,8,1563.95,5,470,226,0.0,0.0,0.0,1.0,1.0,16,0,0,0,0
282,1,3,403.336,47.868,468.2,0,0,0,1,42,1,5,2016.68,4,392,230,0.0,0.0,0.0,1.0,1.0,162,0,0,1,0
283,1,17,272.572,125.497,411.04,0,0,1,0,51,0,5,1362.86,2,386,229,0.0,0.0,0.0,1.0,0.0,102,0,0,0,0
284,0,6,280.522,146.86,435.09,1,0,0,0,23,1,6,1683.13,4,520,177,0.0,0.0,0.0,1.0,0.0,230,1,0,1,0
285,0,42,205.318,113.937,340.69,0,0,0,1,58,1,5,1026.59,4,381,341,0.0,0.0,0.0,1.0,0.0,122,1,0,0,0
286,1,5,256.095,206.199,401.9,0,0,1,0,54,0,2,512.19,2,389,274,0.0,0.0,0.0,0.5,2.0,272,0,1,0,0
287,0,20,307.535,192.114,443.38,0,0,1,0,18,1,2,615.07,2,382,12,0.0,0.0,0.0,0.5,2.0,204,0,1,0,0
288,0,1,277.231,131.838,491.52,0,0,0,1,29,0,8,2217.85,5,398,279,1.0,0.5,1.0,0.0,2.0,285,0,1,0,1
289,0,24,30.48,0.0,30.48,1,0,0,1,52,1,1,30.48,1,571,0,0.0,0.0,0.0,1.0,0.0,47,1,0,0,0
290,0,9,403.33,0.0,403.33,0,0,0,1,23,1,1,403.33,1,371,0,0.0,0.0,0.0,0.0,1.0,107,1,0,1,0
291,0,15,262.123,107.809,448.61,0,1,0,1,34,0,6,1572.74,4,441,154,1.0,0.5,1.0,0.0,2.0,96,0,1,0,1
292,0,37,303.712,146.46,469.78,0,0,0,0,26,1,8,2429.7,5,376,321,0.0,0.0,0.0,0.5,2.0,25,0,1,0,1
293,0,18,209.68,0.0,209.68,0,1,0,1,19,1,1,209.68,1,611,0,0.0,0.0,0.0,1.0,0.0,339,1,0,1,0
294,0,22,313.68,84.312,403.54,0,0,1,0,35,0,6,1882.08,3,395,283,0.0,0.0,0.0,1.0,1.0,287,0,0,0,0
295,0,11,320.33,97.521,409.74,0,0,0,0,66,0,3,960.99,2,482,162,0.0,0.0,0.0,1.0,0.0,297,0,1,0,0
296,0,38,261.24,0.0,261.24,0,1,1,0,53,1,1,261.24,1,572,0,0.0,0.0,0.0,0.0,1.0,30,1,0,0,0
297,0,3,214.261,131.251,347.62,1,0,1,0,45,1,8,1714.09,5,464,255,0.0,0.0,0.0,1.0,0.0,86,1,0,0,0
298,0,29,217.542,127.804,337.64,0,0,0,1,58,0,6,1305.25,4,521,159,0.0,0.0,0.0,0.0,1.0,130,0,1,0,0
299,0,46,9.8,0.0,9.8,0,0,0,0,54,1,1,9.8,1,405,0,0.0,0.0,0.0,0.5,2.0,57,1,0,0,0
300,0,32,231.633,58.539,299.04,0,1,0,1,66,0,4,926.53,3,513,132,0.0,0.0,0.0,1.0,2.0,77,0,1,0,0
301,0,34,216.492,145.85,410.42,0,0,1,0,43,0,6,1298.95,4,384,244,0.0,0.0,0.0,1.0,1.0,90,0,0,0,0
302,0,8,231.395,202.524,493.29,0,0,0,1,21,1,4,925.58,3,456,213,0.0,0.0,0.0,1.0,2.0,316,0,1,0,0
303,0,34,316.32,125.96,451.28,1,0,0,1,57,0,3,948.96,2,602,124,1.0,1.0,0.0,1.0,1.0,225,0,0,1,0
304,0,5,231.91,121.736,359.9,1,0,0,1,53,0,3,695.73,3,470,67,0.0,0.0,0.0,0.0,1.0,247,0,0,0,1
305,0,9,288.26,0.0,288.26,1,0,0,1,68,1,1,288.26,1,562,0,0.0,0.0,0.0,1.0,0.0,169,1,0,0,0
306,0,17,253.956,133.642,478.42,1,0,0,1,48,0,9,2285.6,5,390,336,0.0,0.0,0.0,1.0,0.0,242,1,0,0,0
307,0,20,354.17,86.09,433.17,1,0,0,1,47,1,4,1416.68,3,377,258,1.0,1.0,0.0,1.0,1.0,57,1,0,0,0
308,0,42,255.956,105.599,417.22,0,0,0,0,67,1,7,1791.69,4,378,302,0.0,0.0,0.0,1.0,0.0,69,1,0,0,0
309,0,27,280.1,143.602,435.88,0,0,0,1,51,1,5,1400.5,3,427,263,0.0,0.0,0.0,1.0,1.0,259,0,0,0,0
310,0,5,264.535,68.521,359.66,0,0,0,0,36,0,4,1058.14,3,382,226,0.0,0.0,0.0,1.0,0.0,179,0,0,0,0
311,1,46,118.58,62.738,191.8,0,0,0,1,35,1,5,592.9,4,462,215,2.0,1.0,0.0,1.0,2.0,177,1,0,0,0
312,0,29,141.58,183.466,271.31,0,0,0,0,47,1,2,283.16,2,648,72,0.0,0.0,0.0,0.0,2.0,191,0,1,0,1
313,0,11,34.91,0.0,34.91,0,1,1,0,38,1,1,34.91,1,433,0,0.0,0.0,0.0,1.0,0.0,195,0,0,0,0
314,0,26,268.145,286.64,470.83,0,0,0,0,20,1,2,536.29,2,432,69,0.0,0.0,0.0,0.0,1.0,285,1,0,0,0
315,1,23,300.655,53.507,338.49,1,0,0,0,23,0,2,601.31,2,416,225,1.0,1.0,1.0,0.0,1.0,83,1,0,0,1
316,0,18,81.214,65.453,213.42,0,0,1,0,55,0,8,649.71,5,463,265,0.0,0.0,0.0,1.0,0.0,337,1,0,0,1
317,0,20,155.943,16.209,172.92,1,0,0,1,30,1,3,467.83,3,537,182,2.0,1.0,1.0,0.0,2.0,212,0,1,0,0
318,0,44,268.18,151.673,463.05,0,0,0,1,62,0,8,2145.44,5,375,351,0.0,0.0,0.0,1.0,0.0,111,0,1,0,0
319,0,21,477.46,0.0,477.46,0,1,0,0,20,0,1,477.46,1,503,0,0.0,0.0,0.0,1.0,0.0,294,0,0,0,0
320,0,26,411.875,42.49,441.92,0,1,0,1,65,0,2,823.75,2,377,167,1.0,0.5,1.0,0.5,2.0,323,0,0,1,0
321,0,32,223.027,130.689,400.15,0,0,0,1,45,1,9,2007.24,4,391,314,1.0,0.5,1.0,0.5,2.0,62,0,0,1,0
322,0,1,61.98,0.0,61.98,0,0,1,0,39,0,1,61.98,1,576,0,0.0,0.0,0.0,0.0,2.0,41,0,0,1,0
323,1,2,209.825,193.821,395.95,1,0,0,1,57,0,4,839.3,3,385,332,0.0,0.0,0.0,1.0,1.0,296,0,1,0,1
324,0,4,228.283,157.385,429.99,1,0,0,1,57,0,6,1369.7,4,424,272,2.0,1.0,1.0,0.0,2.0,311,1,0,0,0
325,0,41,276.895,141.16,376.71,0,1,0,0,29,0,2,553.79,2,403,35,2.0,1.0,1.0,0.0,2.0,92,0,0,0,1
326,0,10,201.963,45.264,237.52,0,0,0,1,40,0,3,605.89,2,472,164,0.0,0.0,0.0,1.0,0.0,280,0,1,0,0
327,0,28,201.685,219.479,356.88,0,0,0,1,48,1,2,403.37,2,367,251,1.0,0.5,1.0,0.5,2.0,126,0,1,0,1
328,0,49,169.652,130.246,346.34,1,0,0,0,35,0,5,848.26,3,398,294,0.0,0.0,0.0,1.0,0.0,258,1,0,1,0
329,0,37,295.149,114.476,440.65,0,1,0,0,24,0,8,2361.19,4,401,294,0.0,0.0,0.0,0.0,1.0,140,0,0,0,0
330,0,17,286.949,110.639,477.01,0,0,0,0,25,1,9,2582.54,5,408,307,0.0,0.0,0.0,1.0,0.0,104,1,0,0,0
331,0,30,181.664,131.921,341.44,0,1,0,1,36,1,5,908.32,5,375,213,1.0,0.5,1.0,0.5,2.0,363,0,1,0,0
332,0,6,315.488,114.239,432.05,0,0,0,1,46,1,5,1577.44,2,436,240,0.0,0.0,0.0,1.0,0.0,25,0,1,0,0
333,0,11,348.484,171.146,477.35,0,0,0,1,61,1,7,2439.39,4,417,207,1.0,0.5,0.0,0.5,2.0,18,0,1,1,0
334,0,11,286.562,129.154,464.71,0,1,0,1,37,0,6,1719.37,4,404,259,1.0,1.0,0.0,1.0,1.0,347,0,0,0,0
335,1,2,378.26,12.191,386.88,1,0,0,1,67,0,2,756.52,2,389,141,0.0,0.0,0.0,1.0,2.0,4,1,0,0,0
336,0,20,135.94,0.0,135.94,0,0,0,1,59,0,1,135.94,1,376,0,0.0,0.0,0.0,1.0,0.0,340,1,0,0,0
337,0,34,304.03,212.825,454.52,0,1,0,0,47,0,2,608.06,1,371,104,0.0,0.0,0.0,1.0,0.0,127,0,1,0,0
338,0,41,13.86,0.0,13.86,0,0,0,0,64,0,1,13.86,1,396,0,0.0,0.0,0.0,1.0,0.0,27,1,0,0,0
339,0,1,170.735,109.738,304.27,0,1,0,1,39,1,4,682.94,3,399,266,0.0,0.0,0.0,1.0,1.0,252,0,1,0,0
340,0,48,191.18,113.967,337.59,0,1,1,0,27,0,6,1147.08,4,418,219,1.0,1.0,1.0,0.0,1.0,101,1,0,1,0
341,0,27,170.477,165.197,465.07,0,0,0,0,43,1,6,1022.86,4,455,189,0.0,0.0,0.0,1.0,1.0,179,0,0,0,0
342,1,26,327.966,76.994,426.47,1,0,0,1,68,1,7,2295.76,2,402,304,0.0,0.0,0.0,1.0,1.0,90,0,0,0,0
343,0,26,308.21,89.725,406.87,0,1,0,0,50,1,3,924.63,3,556,152,0.0,0.0,0.0,1.0,2.0,158,0,0,0,1
344,0,8,244.433,157.906,424.22,0,0,1,0,45,0,6,1466.6,3,421,190,1.0,0.5,0.0,0.5,2.0,187,1,0,0,0
345,0,29,247.562,163.107,491.15,0,0,0,0,27,0,8,1980.5,4,495,219,0.0,0.0,0.0,1.0,1.0,114,0,0,0,0
346,0,17,273.603,186.406,494.8,0,0,0,0,46,1,6,1641.62,3,397,263,0.0,0.0,0.0,0.0,1.0,358,0,0,1,0
347,0,33,219.383,155.294,441.99,0,1,0,0,61,1,9,1974.45,5,375,299,1.0,0.5,1.0,0.5,2.0,164,1,0,0,0
348,0,1,352.35,166.411,470.02,1,0,0,0,35,1,2,704.7,2,585,85,1.0,1.0,0.0,1.0,1.0,31,0,0,0,0
349,0,24,229.423,170.4,444.82,0,0,0,1,59,1,6,1376.54,4,468,251,2.0,1.0,0.0,1.0,2.0,133,1,0,0,0
350,0,25,300.252,155.216,454.98,0,1,1,0,18,1,9,2702.27,5,371,294,1.0,1.0,1.0,0.0,1.0,252,0,0,0,0
351,1,1,294.34,235.622,460.95,0,0,0,1,40,1,2,588.68,2,499,78,1.0,1.0,1.0,0.0,1.0,161,1,0,0,0
352,0,26,298.78,138.532,466.39,0,0,0,0,34,0,5,1493.9,3,425,244,2.0,1.0,1.0,0.5,2.0,120,0,1,0,0
353,1,16,266.08,0.0,266.08,0,1,0,0,60,1,1,266.08,1,656,0,0.0,0.0,0.0,0.5,2.0,287,0,0,1,0
354,0,49,108.133,105.222,223.0,0,1,0,0,54,1,3,324.4,2,608,103,0.0,0.0,0.0,0.0,1.0,171,0,0,0,0
355,0,33,368.57,0.0,368.57,0,1,1,0,48,1,1,368.57,1,645,0,1.0,0.5,1.0,0.5,2.0,359,0,1,0,1
356,0,28,289.546,131.048,435.32,0,0,1,0,42,1,8,2316.37,5,382,342,0.0,0.0,0.0,1.0,0.0,169,1,0,0,1
357,0,45,195.045,67.611,282.23,0,1,0,1,21,1,4,780.18,3,389,254,0.0,0.0,0.0,0.5,2.0,112,0,0,0,0
358,1,24,253.654,142.459,449.47,0,1,0,0,69,0,9,2282.89,5,376,243,1.0,1.0,1.0,0.0,1.0,348,1,0,0,0
359,0,36,269.271,157.382,491.53,0,0,1,0,26,1,8,2154.17,5,431,254,1.0,1.0,0.0,1.0,1.0,242,0,1,1,0
360,0,14,216.408,138.781,452.61,0,0,0,0,45,0,8,1731.26,4,397,311,1.0,0.5,0.0,1.0,2.0,280,0,0,0,1
361,0,49,260.934,169.251,454.51,0,0,0,1,47,1,9,2348.41,3,371,333,0.0,0.0,0.0,1.0,0.0,256,1,0,0,1
362,1,5,234.57,167.146,352.76,1,0,0,1,64,1,2,469.14,2,422,238,1.0,0.5,1.0,0.5,2.0,139,1,0,0,0
363,0,27,168.24,149.713,403.16,0,0,1,0,41,0,9,1514.16,4,429,295,1.0,1.0,0.0,1.0,1.0,364,0,0,0,0
364,0,14,286.8,0.0,286.8,0,0,0,1,50,1,1,286.8,1,611,0,0.0,0.0,0.0,1.0,2.0,125,1,0,0,1
365,1,24,148.605,154.869,465.69,0,1,1,0,37,0,8,1188.84,4,385,291,0.0,0.0,0.0,1.0,1.0,63,0,0,1,0
366,0,46,314.77,92.151,433.32,0,1,0,0,26,0,8,2518.16,4,366,360,0.0,0.0,0.0,1.0,0.0,349,0,1,0,0
367,0,28,313.97,55.29,384.52,0,0,1,0,25,0,7,2197.79,5,367,251,1.0,1.0,1.0,0.0,1.0,106,1,0,0,1
368,0,8,323.2,142.555,495.94,1,0,0,1,41,0,6,1939.2,3,382,276,0.0,0.0,0.0,1.0,0.0,348,0,0,0,0
369,0,35,372.482,108.0,484.94,0,0,0,0,31,0,9,3352.34,4,388,299,0.0,0.0,0.0,0.0,1.0,327,0,1,0,0
370,0,47,206.635,132.318,373.3,1,0,0,1,35,0,6,1239.81,4,374,328,0.0,0.0,0.0,0.5,2.0,192,0,0,0,0
371,0,35,290.89,203.121,487.18,0,0,0,0,18,1,5,1454.45,4,368,320,0.0,0.0,0.0,1.0,2.0,199,0,1,0,0
372,0,23,35.85,0.0,35.85,1,0,0,0,29,0,1,35.85,1,554,0,1.0,0.5,1.0,0.5,2.0,66,0,1,0,0
373,0,13,133.545,171.466,254.79,1,0,0,0,46,1,2,267.09,2,601,5,1.0,1.0,1.0,0.0,1.0,235,0,0,0,0
374,0,47,238.177,115.04,440.49,0,1,0,0,54,1,9,2143.59,4,385,312,0.0,0.0,0.0,1.0,0.0,6,0,0,0,0
375,0,17,133.2,0.0,133.2,1,0,0,1,43,0,1,133.2,1,628,0,0.0,0.0,0.0,0.0,1.0,122,0,1,0,0
376,0,31,285.95,168.422,469.58,0,1,1,0,50,0,4,1143.8,4,403,299,1.0,1.0,0.0,1.0,1.0,306,0,1,0,0
377,0,10,295.788,146.104,479.59,0,0,0,0,60,0,8,2366.3,4,371,358,0.0,0.0,0.0,0.5,2.0,234,0,0,0,0
378,0,36,333.4,208.757,471.05,0,0,0,1,32,1,4,1333.6,3,396,302,1.0,0.5,1.0,0.5,2.0,131,0,1,0,0
379,0,29,197.76,154.504,488.48,0,0,0,1,40,0,8,1582.08,4,474,236,1.0,1.0,0.0,1.0,1.0,160,0,0,0,0
380,0,16,195.443,162.532,412.82,0,0,0,1,46,0,6,1172.66,4,451,259,0.0,0.0,0.0,1.0,0.0,204,1,0,0,0
381,1,33,271.905,145.687,450.23,0,0,1,0,38,1,4,1087.62,3,412,136,0.0,0.0,0.0,1.0,1.0,166,0,1,1,0
382,0,14,274.123,136.675,458.77,0,1,0,1,36,0,9,2467.11,4,381,310,0.0,0.0,0.0,1.0,1.0,305,1,0,0,0
383,0,7,200.14,179.458,409.04,0,0,0,1,22,1,4,800.56,2,450,249,1.0,0.5,0.0,0.5,2.0,132,0,0,0,1
384,0,33,169.585,26.326,188.2,1,0,1,0,40,0,2,339.17,2,676,3,1.0,0.5,0.0,0.5,2.0,5,0,1,0,1
385,1,3,334.57,169.407,495.77,0,0,0,1,53,1,4,1338.28,3,590,122,0.0,0.0,0.0,1.0,0.0,129,1,0,1,0
386,0,26,193.278,92.599,324.28,0,1,0,1,37,0,4,773.11,4,527,164,0.0,0.0,0.0,1.0,1.0,69,0,1,0,1
387,0,39,47.52,0.0,47.52,1,0,1,0,25,1,1,47.52,1,370,0,1.0,0.5,1.0,0.0,2.0,62,0,1,0,1
388,1,5,223.427,201.07,475.45,0,0,1,0,26,0,8,1787.42,5,399,310,0.0,0.0,0.0,1.0,0.0,132,0,0,0,0
389,1,23,174.297,43.27,220.26,0,0,1,0,31,0,3,522.89,2,488,198,0.0,0.0,0.0,1.0,0.0,271,0,0,0,0
390,0,33,281.95,0.0,281.95,0,1,0,0,23,1,1,281.95,1,408,0,0.0,0.0,0.0,1.0,0.0,316,1,0,0,0
391,0,30,284.307,123.695,477.82,1,0,1,0,18,0,7,1990.15,3,420,278,0.0,0.0,0.0,1.0,0.0,163,1,0,0,0
392,0,33,219.049,57.575,270.45,0,0,0,0,26,0,7,1533.34,3,379,326,0.0,0.0,0.0,1.0,1.0,119,1,0,0,0
393,0,43,245.104,147.435,412.06,0,0,0,0,33,1,8,1960.83,4,451,255,0.0,0.0,0.0,1.0,1.0,27,0,1,0,0
394,0,25,293.31,167.281,499.7,0,1,1,0,33,1,8,2346.48,4,371,235,1.0,0.5,0.0,0.5,2.0,173,0,0,0,1
395,1,22,340.135,96.909,408.66,0,0,0,0,29,0,2,680.27,2,379,119,1.0,0.5,1.0,0.5,2.0,162,0,0,0,1
396,1,1,288.577,134.784,442.05,0,0,0,1,22,1,3,865.73,2,390,112,2.0,1.0,1.0,0.0,2.0,238,0,0,0,0
397,0,10,258.109,103.18,388.15,0,1,0,1,57,0,9,2322.98,4,379,312,0.0,0.0,0.0,1.0,0.0,235,0,0,0,0
398,0,23,279.687,164.949,475.17,0,1,1,0,46,0,6,1678.12,4,400,291,0.0,0.0,0.0,1.0,1.0,83,0,0,0,0
399,0,33,284.175,22.974,300.42,1,0,0,0,63,1,2,568.35,2,369,220,0.0,0.0,0.0,1.0,1.0,212,0,1,0,0
400,0,39,288.731,145.131,399.81,0,1,0,1,44,1,8,2309.85,4,402,327,0.0,0.0,0.0,1.0,0.0,287,0,0,0,0
401,0,28,318.34,160.655,453.49,0,1,0,0,28,0,4,1273.36,3,421,308,1.0,0.5,1.0,0.5,2.0,131,0,1,0,0
402,1,43,304.79,81.996,362.77,0,0,0,0,64,1,2,609.58,2,551,119,0.0,0.0,0.0,0.5,2.0,142,1,0,0,0
403,0,8,235.109,105.858,414.29,0,0,0,1,67,0,7,1645.76,5,379,302,1.0,0.5,0.0,1.0,2.0,123,0,0,0,0
404,1,27,309.678,153.137,483.08,1,0,1,0,45,1,9,2787.1,4,379,323,1.0,1.0,0.0,1.0,1.0,64,1,0,0,0
405,0,5,169.497,129.88,278.38,0,1,0,0,69,0,3,508.49,2,438,281,0.0,0.0,0.0,1.0,0.0,309,0,0,0,0
406,0,15,252.222,157.442,465.61,1,0,0,1,53,0,8,2017.78,4,478,190,2.0,1.0,1.0,0.5,2.0,2,0,1,0,0
407,1,48,302.527,127.877,422.72,0,0,1,0,59,0,9,2722.74,4,388,331,1.0,1.0,1.0,0.0,1.0,128,1,0,1,0
408,0,22,300.2,143.577,471.3,0,1,0,0,36,0,7,2101.4,4,398,251,1.0,0.5,0.0,0.5,2.0,78,0,0,0,1
409,0,35,169.427,118.847,336.72,0,1,0,0,52,0,9,1524.84,4,414,247,0.0,0.0,0.0,0.0,1.0,345,1,0,1,0
410,0,30,237.7,139.941,463.63,1,0,0,0,69,0,6,1426.2,5,442,249,0.0,0.0,0.0,0.0,1.0,144,0,0,0,0
411,1,48,87.02,0.0,87.02,0,0,0,0,48,0,1,87.02,1,622,0,0.0,0.0,0.0,1.0,0.0,102,0,1,0,1
412,0,44,184.86,0.0,184.86,0,0,1,0,61,1,1,184.86,1,682,0,0.0,0.0,0.0,1.0,0.0,0,0,1,0,1
413,0,33,318.522,167.726,491.3,0,0,0,0,36,1,5,1592.61,4,580,135,0.0,0.0,0.0,0.0,2.0,290,0,1,0,0
414,0,30,213.984,162.791,441.43,0,0,0,1,63,1,7,1497.89,4,382,280,0.0,0.0,0.0,1.0,1.0,118,0,0,1,0
415,0,36,354.64,0.0,354.64,0,1,0,1,41,0,1,354.64,1,538,0,0.0,0.0,0.0,1.0,1.0,196,0,0,0,1
416,0,16,288.452,153.471,435.0,0,1,0,1,19,1,5,1442.26,4,420,254,1.0,0.5,1.0,0.0,2.0,252,0,0,0,0
417,0,38,291.21,162.313,405.24,0,1,1,0,24,1,3,873.63,2,430,114,0.0,0.0,0.0,1.0,0.0,52,0,1,1,0
418,0,23,427.573,100.959,489.19,1,0,0,1,60,1,3,1282.72,2,441,229,1.0,0.5,1.0,0.5,2.0,102,0,0,1,0
419,1,37,250.886,109.305,400.97,0,0,0,0,66,1,5,1254.43,3,415,196,0.0,0.0,0.0,1.0,0.0,327,0,0,0,1
420,0,37,267.568,171.237,436.9,0,0,0,0,48,0,8,2140.54,5,438,280,1.0,0.5,0.0,1.0,2.0,359,0,1,0,0
421,0,28,297.21,90.892,361.48,0,0,0,1,34,0,2,594.42,2,390,42,1.0,1.0,1.0,0.0,1.0,15,1,0,0,0
422,1,14,252.984,131.934,438.23,0,0,1,0,44,1,7,1770.89,5,374,285,0.0,0.0,0.0,1.0,1.0,88,1,0,0,0
423,0,4,265.89,157.321,497.02,0,1,1,0,53,0,5,1329.45,2,397,319,0.0,0.0,0.0,1.0,0.0,271,1,0,0,1
424,0,39,137.916,136.799,386.5,0,0,0,0,67,0,7,965.41,3,451,268,0.0,0.0,0.0,0.0,1.0,98,0,1,1,0
425,0,33,196.503,112.363,423.25,0,0,0,0,60,0,9,1768.53,3,454,230,1.0,0.5,0.0,0.5,2.0,58,0,1,1,0
426,0,31,209.419,123.318,402.65,0,1,0,1,27,0,7,1465.93,4,405,302,0.0,0.0,0.0,1.0,0.0,112,0,1,0,0
427,0,13,173.853,72.063,257.03,0,1,1,0,62,0,3,521.56,3,393,223,0.0,0.0,0.0,1.0,2.0,139,0,0,0,0
428,0,36,301.769,147.479,482.52,0,0,0,1,31,1,8,2414.15,5,568,110,1.0,0.5,0.0,0.5,2.0,143,1,0,0,0
429,0,10,272.278,162.11,458.94,1,0,0,0,24,0,5,1361.39,3,376,343,2.0,1.0,1.0,0.5,2.0,354,1,0,0,0
430,0,47,148.98,0.0,148.98,1,0,0,0,56,1,1,148.98,1,404,0,0.0,0.0,0.0,0.5,2.0,182,0,0,0,0
431,0,31,116.935,22.154,132.6,1,0,0,1,57,0,2,233.87,2,387,235,0.0,0.0,0.0,1.0,1.0,219,0,1,0,1
432,0,26,262.069,110.757,410.41,1,0,1,0,26,1,7,1834.48,4,396,278,0.0,0.0,0.0,1.0,0.0,15,1,0,0,0
433,1,14,260.486,181.055,454.6,0,0,0,0,31,1,5,1302.43,3,449,138,0.0,0.0,0.0,1.0,0.0,28,1,0,1,0
434,0,4,41.19,0.0,41.19,1,0,0,0,25,0,1,41.19,1,580,0,0.0,0.0,0.0,0.5,2.0,52,1,0,1,0
435,0,33,488.45,0.0,488.45,0,0,1,0,34,1,1,488.45,1,699,0,1.0,1.0,0.0,1.0,1.0,288,0,0,0,0
436,0,47,181.33,180.489,369.33,0,0,0,0,40,0,3,543.99,3,484,138,0.0,0.0,0.0,0.5,2.0,104,0,1,0,0
437,0,13,212.276,129.552,450.66,0,0,1,0,33,1,8,1698.21,4,404,323,0.0,0.0,0.0,1.0,0.0,102,0,1,0,0
438,0,48,304.43,105.098,450.43,1,0,1,0,43,1,7,2131.01,4,390,326,1.0,1.0,0.0,1.0,1.0,255,0,1,0,1
439,0,41,196.22,196.279,463.0,0,1,0,0,26,0,7,1373.54,3,404,281,1.0,0.5,1.0,0.0,2.0,314,0,0,1,0
440,0,34,240.076,211.636,488.65,0,0,0,1,53,1,8,1920.61,4,389,326,0.0,0.0,0.0,0.5,2.0,315,0,0,0,0
441,1,43,320.045,155.299,452.27,1,0,0,0,24,0,8,2560.36,4,365,274,1.0,1.0,1.0,0.0,1.0,64,1,0,0,0
442,0,35,412.55,0.0,412.55,0,0,0,0,35,1,1,412.55,1,458,0,0.0,0.0,0.0,1.0,1.0,194,1,0,1,0
443,0,28,223.128,91.463,324.23,0,0,0,0,25,0,5,1115.64,4,487,192,0.0,0.0,0.0,1.0,0.0,206,0,1,1,0
444,0,31,193.755,212.167,343.78,0,0,0,0,38,1,2,387.51,1,386,18,0.0,0.0,0.0,1.0,0.0,25,1,0,0,0
445,0,30,200.492,176.502,474.26,0,1,0,1,43,1,5,1002.46,4,430,254,0.0,0.0,0.0,0.5,2.0,218,0,0,0,0
446,0,32,252.822,190.08,431.79,0,0,0,1,20,0,6,1516.93,4,475,240,0.0,0.0,0.0,0.5,2.0,79,1,0,0,1
447,0,13,169.69,0.0,169.69,1,0,0,1,34,0,1,169.69,1,366,0,0.0,0.0,0.0,1.0,0.0,30,0,1,0,1
448,0,41,208.719,107.191,359.14,1,0,1,0,68,1,7,1461.03,4,389,338,0.0,0.0,0.0,1.0,0.0,114,1,0,0,0
449,0,34,292.13,194.869,476.78,0,0,0,1,63,0,5,1460.65,3,454,153,1.0,0.5,1.0,0.0,2.0,234,1,0,0,0
450,1,8,305.526,92.979,415.86,0,0,1,0,41,1,5,1527.63,5,379,234,0.0,0.0,0.0,1.0,0.0,114,0,1,0,0
451,0,42,182.23,214.762,334.09,0,0,0,0,42,1,2,364.46,2,501,20,1.0,0.5,1.0,0.5,2.0,171,1,0,0,0
452,0,25,292.685,139.677,453.75,0,0,0,1,22,1,8,2341.48,3,388,299,1.0,1.0,1.0,0.0,1.0,74,0,0,0,0
453,0,33,346.54,0.0,346.54,1,0,0,1,54,0,1,346.54,1,519,0,0.0,0.0,0.0,1.0,0.0,255,0,0,1,0
454,0,10,236.44,306.432,453.12,0,1,0,1,62,0,2,472.88,2,370,91,0.0,0.0,0.0,1.0,0.0,171,0,0,0,0
455,0,40,188.597,210.096,422.07,1,0,0,1,67,0,3,565.79,3,378,228,1.0,0.5,0.0,1.0,2.0,8,0,1,0,1
456,0,34,266.889,200.794,483.02,0,1,0,1,41,1,9,2402.0,4,403,297,1.0,1.0,1.0,0.0,1.0,39,1,0,0,0
457,0,44,216.291,170.072,477.15,0,1,0,0,48,1,8,1730.33,4,439,281,1.0,0.5,1.0,0.0,2.0,200,0,1,0,0
458,0,33,307.461,133.536,495.45,0,0,0,1,43,1,9,2767.15,5,458,182,0.0,0.0,0.0,1.0,0.0,355,0,1,0,0
459,0,5,62.87,0.0,62.87,0,0,1,0,38,0,1,62.87,1,463,0,0.0,0.0,0.0,0.0,1.0,293,1,0,0,0
460,0,45,336.72,0.0,336.72,0,1,1,0,51,1,1,336.72,1,606,0,0.0,0.0,0.0,0.0,2.0,310,0,0,0,0
461,0,27,449.87,0.0,449.87,1,0,0,1,55,0,1,449.87,1,711,0,0.0,0.0,0.0,0.0,2.0,169,0,0,1,0
462,1,8,130.453,140.339,286.29,0,0,1,0,41,0,3,391.36,3,593,78,0.0,0.0,0.0,1.0,0.0,266,0,0,0,1
463,0,7,238.317,151.488,474.25,0,0,0,1,45,0,7,1668.22,3,388,319,0.0,0.0,0.0,1.0,0.0,258,0,0,0,0
464,0,22,240.703,152.367,474.43,1,0,0,0,47,0,9,2166.33,5,396,317,0.0,0.0,0.0,1.0,0.0,20,0,1,0,1
465,0,46,304.27,108.511,449.3,0,0,1,0,51,0,4,1217.08,3,366,215,0.0,0.0,0.0,1.0,0.0,47,0,1,0,0
466,1,28,239.77,157.635,419.63,0,0,0,1,69,1,8,1918.16,4,430,253,0.0,0.0,0.0,1.0,0.0,189,0,0,0,1
467,0,9,276.052,167.401,382.23,0,1,1,0,69,1,4,1104.21,3,399,284,0.0,0.0,0.0,1.0,1.0,14,0,1,0,1
468,0,31,204.578,154.002,405.82,1,0,0,1,40,1,4,818.31,3,584,135,0.0,0.0,0.0,1.0,0.0,8,0,0,1,0
469,1,4,271.117,176.186,457.86,0,1,1,0,25,1,6,1626.7,4,380,272,0.0,0.0,0.0,0.0,2.0,68,1,0,1,0
470,1,5,319.447,155.357,483.16,1,0,0,0,59,0,6,1916.68,5,402,251,0.0,0.0,0.0,0.0,1.0,205,0,1,0,1
471,0,13,221.834,145.737,342.44,1,0,1,0,67,0,5,1109.17,4,484,211,1.0,0.5,0.0,0.5,2.0,355,1,0,0,1
472,0,6,246.364,95.122,427.46,0,0,1,0,27,0,9,2217.28,5,366,361,0.0,0.0,0.0,1.0,0.0,1,1,0,0,0
473,0,23,83.82,54.606,143.65,1,0,1,0,18,1,3,251.46,3,373,279,0.0,0.0,0.0,1.0,0.0,348,0,0,0,0
474,0,47,273.341,153.831,499.06,0,0,1,0,37,1,9,2460.07,4,369,253,1.0,0.5,0.0,0.5,2.0,291,0,0,0,0
475,0,35,272.522,152.219,494.32,1,0,0,1,54,0,6,1635.13,3,424,294,1.0,1.0,0.0,1.0,1.0,237,1,0,0,0
476,0,34,268.241,135.88,429.79,0,0,0,0,35,1,8,2145.93,3,418,258,0.0,0.0,0.0,1.0,1.0,335,1,0,0,0
477,0,38,134.493,106.294,255.12,0,0,0,0,38,1,6,806.96,4,392,327,0.0,0.0,0.0,1.0,0.0,41,0,0,1,0
478,1,34,323.168,173.169,499.13,0,0,1,0,66,1,5,1615.84,3,410,311,0.0,0.0,0.0,1.0,0.0,168,1,0,0,1
479,0,11,236.856,169.096,480.06,0,0,1,0,21,0,5,1184.28,4,421,275,0.0,0.0,0.0,0.5,2.0,119,0,1,1,0
480,1,6,168.876,141.235,435.22,0,0,0,0,60,1,8,1351.01,4,406,230,0.0,0.0,0.0,0.0,1.0,205,0,1,0,0
481,0,32,376.227,86.129,495.85,0,0,0,0,19,0,9,3386.04,3,518,178,0.0,0.0,0.0,1.0,1.0,165,0,1,0,0
482,1,35,291.602,170.859,490.59,0,0,0,0,38,1,9,2624.42,3,451,220,0.0,0.0,0.0,1.0,2.0,340,0,1,1,0
483,0,34,210.413,183.991,444.73,0,1,0,0,54,0,6,1262.48,4,424,305,0.0,0.0,0.0,0.0,1.0,283,1,0,0,1
484,0,43,141.199,172.206,478.79,0,1,1,0,22,1,7,988.39,3,410,267,0.0,0.0,0.0,1.0,0.0,262,1,0,0,0
485,0,28,304.244,180.953,490.33,0,0,0,0,34,1,7,2129.71,5,376,300,0.0,0.0,0.0,1.0,1.0,107,1,0,0,0
486,0,5,189.682,76.025,256.77,0,0,1,0,66,0,4,758.73,3,425,211,1.0,0.5,0.0,0.5,2.0,135,0,0,0,0
487,0,34,232.033,124.946,440.31,0,0,1,0,65,0,7,1624.23,4,372,283,0.0,0.0,0.0,0.5,2.0,81,1,0,0,0
488,1,33,393.84,0.0,393.84,1,0,0,0,28,0,1,393.84,1,458,0,0.0,0.0,0.0,1.0,0.0,200,1,0,0,0
489,0,12,183.518,91.535,299.42,0,1,0,1,63,1,6,1101.11,3,406,293,0.0,0.0,0.0,1.0,0.0,38,0,0,0,1
490,0,40,294.726,157.992,447.54,0,0,1,0,58,0,7,2063.08,5,406,216,0.0,0.0,0.0,0.5,2.0,306,0,0,0,0
491,1,44,247.187,159.387,458.4,0,0,0,0,48,1,6,1483.12,4,419,216,0.0,0.0,0.0,1.0,1.0,31,0,1,0,0
492,0,38,298.36,123.544,442.45,0,1,1,0,45,0,5,1491.8,3,377,278,0.0,0.0,0.0,1.0,0.0,359,0,0,0,1
493,0,44,244.0,170.565,424.29,0,0,0,1,61,1,4,976.0,3,394,249,0.0,0.0,0.0,1.0,0.0,124,0,0,1,0
494,0,12,269.73,0.0,269.73,0,0,0,0,49,1,1,269.73,1,579,0,1.0,1.0,0.0,1.0,1.0,84,1,0,1,0
495,0,37,289.69,79.462,406.87,0,0,1,0,38,1,6,1738.14,5,388,305,0.0,0.0,0.0,0.0,1.0,358,0,0,0,0
496,0,1,108.395,6.102,112.71,0,0,0,1,24,0,2,216.79,2,588,35,0.0,0.0,0.0,1.0,1.0,2,0,1,0,0
497,0,40,259.128,165.181,451.67,0,1,0,1,27,1,6,1554.77,4,382,259,2.0,1.0,1.0,0.0,2.0,123,1,0,1,0
498,1,5,381.955,79.274,438.01,0,0,1,0,45,0,2,763.91,2,526,182,0.0,0.0,0.0,1.0,0.0,186,0,1,0,0
499,0,2,229.385,150.31,335.67,1,0,0,0,65,1,2,458.77,2,400,48,1.0,1.0,0.0,1.0,1.0,31,1,0,0,0
500,0,46,269.913,168.834,475.94,0,1,0,0,53,1,9,2429.22,5,429,232,0.0,0.0,0.0,1.0,0.0,39,0,0,0,1
501,0,25,164.647,161.439,438.28,1,0,1,0,37,1,8,1317.18,5,367,325,0.0,0.0,0.0,1.0,0.0,260,0,0,1,0
502,0,38,175.832,126.35,332.58,1,0,0,1,30,1,4,703.33,3,407,238,1.0,0.5,1.0,0.0,2.0,102,1,0,0,0
503,0,25,222.763,113.264,335.28,0,0,0,1,36,0,6,1336.58,4,394,265,0.0,0.0,0.0,1.0,0.0,24,0,1,0,0
504,0,48,183.977,64.03,229.14,1,0,0,1,67,1,3,551.93,3,583,107,0.0,0.0,0.0,0.0,1.0,57,1,0,0,0
505,0,22,330.386,83.762,466.66,0,0,0,1,28,1,7,2312.7,3,377,306,2.0,1.0,1.0,0.5,2.0,191,1,0,0,0
506,1,1,252.435,136.311,385.66,0,0,1,0,52,0,4,1009.74,3,652,61,1.0,0.5,1.0,0.0,2.0,143,0,0,0,0
507,1,25,258.337,190.788,496.88,0,0,0,1,51,1,9,2325.03,4,446,252,1.0,0.5,1.0,0.5,2.0,77,0,0,0,0
508,0,33,307.322,89.026,436.7,0,1,1,0,61,0,5,1536.61,3,458,269,0.0,0.0,0.0,1.0,0.0,71,0,0,0,0
509,1,22,271.838,160.002,468.44,1,0,0,0,21,0,9,2446.54,5,369,316,0.0,0.0,0.0,0.0,1.0,145,0,1,0,0
510,1,31,392.1,0.0,392.1,0,0,0,0,30,1,1,392.1,1,639,0,1.0,1.0,1.0,0.0,1.0,180,1,0,0,0
511,1,19,225.32,126.05,424.16,0,1,0,1,54,1,9,2027.88,5,372,329,1.0,1.0,0.0,1.0,1.0,322,0,0,0,0
512,0,48,272.47,203.342,470.01,0,0,0,1,19,0,5,1362.35,3,393,243,0.0,0.0,0.0,1.0,0.0,151,1,0,0,0
513,0,18,172.81,0.0,172.81,1,0,0,1,67,0,1,172.81,1,560,0,0.0,0.0,0.0,1.0,0.0,196,0,0,0,1
514,0,1,267.715,124.865,417.84,1,0,0,0,18,0,6,1606.29,4,429,272,0.0,0.0,0.0,1.0,0.0,161,1,0,1,0
515,0,19,273.263,195.246,439.65,0,1,1,0,57,0,6,1639.58,4,393,334,0.0,0.0,0.0,1.0,0.0,359,0,0,0,1
516,1,14,204.073,244.825,479.35,0,1,1,0,42,0,3,612.22,2,463,239,0.0,0.0,0.0,1.0,0.0,3,1,0,0,0
517,0,11,214.796,141.516,406.43,0,1,1,0,54,0,5,1073.98,3,375,274,0.0,0.0,0.0,1.0,0.0,354,0,0,0,0
518,1,8,342.067,116.614,459.05,0,1,0,1,53,0,9,3078.6,5,413,294,0.0,0.0,0.0,0.5,2.0,97,1,0,0,0
519,0,18,210.489,147.062,440.76,0,1,1,0,23,0,9,1894.4,5,404,207,2.0,1.0,1.0,0.5,2.0,205,1,0,0,0
520,0,9,391.858,121.908,473.21,1,0,0,1,24,1,5,1959.29,3,380,242,1.0,0.5,0.0,1.0,2.0,168,1,0,0,0
521,1,43,322.875,166.022,440.27,0,0,0,0,21,0,2,645.75,2,628,90,1.0,0.5,1.0,0.5,2.0,325,0,1,1,0
522,0,28,284.171,197.638,496.06,0,1,1,0,52,1,9,2557.54,5,417,270,0.0,0.0,0.0,0.5,2.0,107,0,1,0,1
523,0,11,232.224,154.394,445.04,0,0,0,1,58,1,9,2090.02,5,372,338,0.0,0.0,0.0,1.0,0.0,131,1,0,1,0
524,0,49,285.04,128.591,429.98,0,1,1,0,51,0,9,2565.36,4,403,245,0.0,0.0,0.0,0.0,1.0,62,0,0,0,1
525,0,41,115.61,45.774,172.97,0,1,0,0,46,0,4,462.44,3,471,257,0.0,0.0,0.0,0.0,1.0,24,0,1,0,0
526,0,30,111.58,31.507,143.03,0,1,1,0,22,1,4,446.32,3,462,241,0.0,0.0,0.0,1.0,1.0,320,0,0,0,0
527,0,44,114.503,90.438,194.57,1,0,1,0,44,1,3,343.51,2,374,220,0.0,0.0,0.0,1.0,0.0,3,0,0,0,0
528,0,27,225.592,165.992,480.52,0,0,0,0,50,0,6,1353.55,4,377,320,0.0,0.0,0.0,1.0,1.0,229,0,0,0,0
529,0,26,291.715,144.906,492.19,1,0,0,1,63,0,8,2333.72,4,405,227,0.0,0.0,0.0,0.0,1.0,227,0,0,0,0
530,1,49,218.607,143.695,405.02,0,0,0,1,69,0,6,1311.64,4,400,166,0.0,0.0,0.0,1.0,0.0,25,1,0,0,0
531,1,12,223.124,118.018,428.38,0,1,0,1,27,0,9,2008.12,4,411,270,1.0,1.0,1.0,0.0,1.0,52,0,0,0,1
532,0,38,296.572,177.404,478.9,0,1,1,0,23,1,8,2372.58,3,405,320,1.0,0.5,1.0,0.5,2.0,70,0,1,1,0
533,0,27,388.31,0.0,388.31,0,0,1,0,51,1,1,388.31,1,476,0,0.0,0.0,0.0,0.0,1.0,63,1,0,0,0
534,0,37,178.77,132.345,285.77,1,0,0,1,25,1,3,536.31,3,393,224,1.0,0.5,1.0,0.0,2.0,137,1,0,0,0
535,0,17,268.248,79.417,369.51,1,0,0,1,48,1,8,2145.98,3,399,275,0.0,0.0,0.0,1.0,0.0,188,1,0,0,0
536,0,46,409.84,68.264,491.76,1,0,1,0,26,1,4,1639.36,3,498,173,0.0,0.0,0.0,0.0,1.0,51,1,0,0,0
537,1,9,344.595,133.218,473.47,0,1,0,1,38,1,6,2067.57,4,367,335,0.0,0.0,0.0,1.0,0.0,218,0,0,0,0
538,0,6,325.94,121.58,411.91,0,0,0,1,25,1,2,651.88,2,529,51,0.0,0.0,0.0,0.5,2.0,201,0,0,0,0
539,0,13,214.392,117.755,373.94,0,0,1,0,21,0,6,1286.35,4,480,248,0.0,0.0,0.0,0.5,2.0,100,1,0,0,0
540,0,6,324.735,163.32,440.22,0,0,0,0,39,0,2,649.47,2,610,92,0.0,0.0,0.0,0.0,1.0,348,0,0,0,0
541,0,38,92.515,49.179,127.29,1,0,1,0,45,0,2,185.03,2,541,58,2.0,1.0,1.0,0.5,2.0,100,1,0,0,0
542,0,4,114.923,81.751,207.32,0,0,0,1,62,0,3,344.77,3,450,236,0.0,0.0,0.0,1.0,0.0,177,1,0,0,0
543,1,16,187.966,150.13,353.75,1,0,0,1,21,1,5,939.83,4,387,336,1.0,1.0,1.0,0.0,1.0,128,0,0,0,0
544,0,36,274.862,148.364,445.72,1,0,0,0,56,1,4,1099.45,3,368,350,1.0,1.0,1.0,0.0,1.0,313,0,1,1,0
545,1,43,226.435,43.353,257.09,1,0,0,0,38,0,2,452.87,2,455,182,1.0,0.5,0.0,1.0,2.0,84,0,1,0,1
546,0,14,287.525,196.314,426.34,0,0,1,0,25,1,2,575.05,2,705,4,2.0,1.0,0.0,1.0,2.0,324,0,0,1,0
547,0,29,238.713,142.474,402.88,0,0,0,0,37,1,3,716.14,2,386,324,0.0,0.0,0.0,1.0,0.0,343,0,1,0,0
548,0,24,235.127,136.394,384.59,1,0,0,1,49,1,9,2116.14,5,375,318,0.0,0.0,0.0,1.0,0.0,32,0,1,0,0
549,0,39,179.335,120.668,264.66,0,0,0,1,18,1,2,358.67,1,431,202,0.0,0.0,0.0,1.0,0.0,120,1,0,0,0
550,0,39,267.532,150.148,381.24,0,0,0,1,23,0,8,2140.26,4,374,204,1.0,0.5,1.0,0.5,2.0,1,0,0,0,0
551,0,45,336.434,89.214,433.34,1,0,0,1,45,0,9,3027.91,5,395,268,1.0,0.5,1.0,0.0,2.0,362,1,0,0,0
552,0,25,349.987,95.12,459.74,0,0,0,0,61,0,3,1049.96,2,485,101,0.0,0.0,0.0,1.0,0.0,329,0,1,0,0
553,0,46,303.659,191.261,494.3,0,1,0,1,48,0,7,2125.61,5,398,258,0.0,0.0,0.0,1.0,0.0,37,0,1,0,1
554,0,46,303.757,107.891,483.2,0,1,0,1,27,1,6,1822.54,5,371,187,0.0,0.0,0.0,1.0,1.0,97,1,0,0,0
555,0,3,196.995,136.762,293.7,0,0,0,1,37,0,2,393.99,2,443,178,0.0,0.0,0.0,1.0,0.0,52,0,1,0,1
556,0,42,304.649,120.655,444.42,1,0,1,0,25,1,7,2132.54,4,367,351,0.0,0.0,0.0,1.0,1.0,325,0,0,0,0
557,0,27,393.327,84.756,483.12,0,0,1,0,39,0,3,1179.98,3,382,335,0.0,0.0,0.0,0.5,2.0,29,0,0,0,0
558,0,12,287.162,166.446,451.1,0,0,0,1,55,1,6,1722.97,5,404,325,0.0,0.0,0.0,1.0,0.0,68,0,0,0,1
559,0,43,307.38,122.827,490.24,1,0,0,0,46,0,7,2151.66,4,440,248,1.0,1.0,1.0,0.0,1.0,138,0,1,0,0
560,1,2,101.67,133.516,196.08,1,0,0,0,26,1,2,203.34,2,386,195,0.0,0.0,0.0,1.0,0.0,11,1,0,0,0
561,0,38,228.233,134.377,378.48,1,0,1,0,61,1,6,1369.4,3,371,334,0.0,0.0,0.0,1.0,1.0,70,0,0,0,1
562,1,26,240.106,130.746,412.33,1,0,1,0,64,1,9,2160.95,5,406,291,0.0,0.0,0.0,1.0,0.0,232,0,0,0,0
563,0,29,218.026,156.805,377.69,0,0,0,0,18,1,5,1090.13,2,376,329,0.0,0.0,0.0,1.0,0.0,202,1,0,0,0
564,0,45,265.604,146.71,453.42,0,0,1,0,58,1,7,1859.23,3,390,232,0.0,0.0,0.0,1.0,0.0,208,0,0,1,0
565,1,30,406.042,129.222,499.51,0,0,1,0,69,1,6,2436.25,3,392,317,0.0,0.0,0.0,0.5,2.0,253,0,1,0,0
566,0,38,266.744,178.623,481.23,0,1,0,1,56,1,7,1867.21,4,394,328,0.0,0.0,0.0,1.0,0.0,199,0,0,0,0
567,0,41,472.36,0.0,472.36,1,0,0,0,43,1,1,472.36,1,720,0,0.0,0.0,0.0,1.0,0.0,34,0,0,0,0
568,0,32,350.403,150.162,466.53,0,1,0,1,28,1,3,1051.21,2,443,152,0.0,0.0,0.0,1.0,1.0,137,0,0,0,0
569,0,38,258.475,136.298,423.99,0,0,1,0,69,0,6,1550.85,4,389,207,1.0,1.0,0.0,1.0,1.0,39,0,0,1,0
570,0,21,336.863,151.333,496.44,0,0,1,0,52,0,7,2358.04,4,471,207,1.0,0.5,0.0,0.5,2.0,149,1,0,0,0
571,0,8,320.827,132.082,471.98,0,0,1,0,41,0,3,962.48,2,430,157,0.0,0.0,0.0,0.0,1.0,250,0,1,0,0
572,0,6,269.03,270.907,460.59,1,0,1,0,50,0,2,538.06,2,367,15,0.0,0.0,0.0,1.0,0.0,339,0,1,0,1
573,0,4,266.28,207.118,496.06,0,0,0,0,37,0,5,1331.4,2,422,270,0.0,0.0,0.0,1.0,0.0,342,0,1,0,0
574,1,17,270.822,100.495,408.72,0,0,0,0,44,1,9,2437.4,4,365,300,0.0,0.0,0.0,1.0,1.0,274,1,0,0,0
575,0,21,172.251,117.136,369.25,0,0,0,0,32,0,9,1550.26,4,424,298,1.0,0.5,1.0,0.5,2.0,174,1,0,1,0
576,1,4,188.983,150.267,393.11,1,0,0,0,50,0,4,755.93,3,487,165,0.0,0.0,0.0,0.0,2.0,10,0,1,0,0
577,1,35,296.654,121.746,395.48,0,1,0,1,69,1,8,2373.23,4,451,196,0.0,0.0,0.0,0.0,1.0,250,0,1,0,0
578,0,30,238.533,215.845,487.42,1,0,0,1,24,0,3,715.6,3,440,133,1.0,1.0,0.0,1.0,1.0,252,1,0,0,0
579,1,27,201.205,214.02,352.54,0,0,0,1,51,0,2,402.41,1,528,2,0.0,0.0,0.0,1.0,0.0,222,0,0,0,0
580,0,12,116.375,13.994,126.27,0,0,1,0,62,1,2,232.75,1,385,46,1.0,0.5,0.0,0.5,2.0,30,0,1,0,0
581,0,48,203.83,167.584,322.33,0,0,0,0,68,0,2,407.66,2,545,39,1.0,1.0,1.0,0.0,1.0,281,1,0,0,1
582,0,20,268.051,173.085,469.78,0,0,0,0,63,0,7,1876.36,3,443,278,0.0,0.0,0.0,1.0,0.0,74,0,0,0,0
583,0,40,195.99,190.408,467.16,0,0,0,0,59,1,4,783.96,3,479,82,0.0,0.0,0.0,1.0,0.0,319,0,0,0,1
584,0,44,239.583,86.436,398.84,0,1,0,1,22,1,7,1677.08,4,500,211,1.0,0.5,1.0,0.5,2.0,54,0,0,1,0
585,0,41,284.893,146.469,432.45,1,0,1,0,47,1,6,1709.36,4,434,287,0.0,0.0,0.0,1.0,2.0,267,0,0,0,0
586,1,33,333.506,111.912,440.22,0,1,1,0,45,1,5,1667.53,2,589,130,0.0,0.0,0.0,0.0,1.0,47,0,0,1,0
587,0,10,207.83,35.214,231.03,0,0,1,0,35,0,3,623.49,3,408,122,0.0,0.0,0.0,1.0,1.0,274,0,1,1,0
588,1,5,215.814,152.513,465.75,1,0,0,1,53,0,8,1726.51,3,382,345,1.0,0.5,0.0,0.5,2.0,40,1,0,1,0
589,1,11,261.882,175.272,437.52,0,0,0,0,20,0,9,2356.94,3,367,338,1.0,0.5,1.0,0.5,2.0,255,1,0,0,1
590,0,21,153.732,136.145,463.01,0,0,0,1,38,1,9,1383.59,4,395,307,0.0,0.0,0.0,1.0,0.0,78,1,0,0,0
591,0,20,215.12,0.0,215.12,0,1,0,0,63,0,1,215.12,1,570,0,1.0,0.5,1.0,0.5,2.0,252,0,0,1,0
592,0,44,330.268,121.753,453.92,1,0,1,0,33,1,8,2642.14,4,399,311,0.0,0.0,0.0,1.0,0.0,331,1,0,1,0
593,0,9,328.847,109.386,455.09,0,0,0,0,54,0,9,2959.62,5,370,358,0.0,0.0,0.0,1.0,1.0,361,0,0,1,0
594,0,30,282.743,127.069,443.38,0,1,1,0,59,1,9,2544.69,5,366,354,0.0,0.0,0.0,0.5,2.0,205,1,0,1,0
595,0,48,283.795,182.448,480.46,0,0,1,0,22,0,8,2270.36,3,475,253,0.0,0.0,0.0,1.0,1.0,252,0,0,0,0
596,0,4,269.352,132.194,377.81,1,0,1,0,67,0,5,1346.76,2,466,151,0.0,0.0,0.0,1.0,0.0,207,1,0,1,0
597,0,9,246.7,197.41,453.89,1,0,0,0,68,1,7,1726.9,3,440,287,0.0,0.0,0.0,0.0,1.0,75,0,1,0,1
598,0,40,272.3,175.721,464.5,0,0,0,1,31,1,7,1906.1,4,370,250,0.0,0.0,0.0,1.0,0.0,175,0,0,0,1
599,0,3,260.824,136.951,449.2,0,0,1,0,48,1,9,2347.42,4,463,251,1.0,0.5,0.0,1.0,2.0,15,0,1,1,0
600,0,38,216.25,141.091,390.43,0,0,0,0,63,0,4,865.0,4,409,176,0.0,0.0,0.0,0.0,1.0,39,0,0,0,0
601,0,25,309.224,87.898,421.18,0,0,1,0,41,0,8,2473.79,5,413,195,1.0,0.5,1.0,0.5,2.0,111,0,1,0,0
602,1,37,128.759,97.168,277.26,0,0,0,0,52,1,9,1158.83,4,435,217,0.0,0.0,0.0,1.0,0.0,232,1,0,0,0
603,0,30,295.28,116.038,441.51,0,0,0,1,53,1,5,1476.4,3,384,288,0.0,0.0,0.0,1.0,0.0,198,1,0,1,0
604,0,31,145.977,143.611,300.03,0,1,1,0,27,1,3,437.93,3,433,76,1.0,0.5,0.0,0.5,2.0,239,0,1,0,1
605,1,17,296.995,132.173,479.05,0,1,1,0,44,1,4,1187.98,2,372,337,0.0,0.0,0.0,1.0,0.0,352,1,0,0,0
606,0,10,271.99,0.0,271.99,1,0,1,0,44,0,1,271.99,1,530,0,0.0,0.0,0.0,1.0,0.0,89,0,1,0,0
607,1,8,297.902,113.824,460.8,1,0,0,1,40,1,5,1489.51,3,377,329,1.0,1.0,1.0,0.0,1.0,349,1,0,0,0
608,0,2,273.773,86.341,399.72,0,1,0,0,30,1,9,2463.96,4,367,285,1.0,1.0,1.0,0.0,1.0,351,1,0,0,1
609,0,32,110.77,0.0,110.77,1,0,1,0,33,0,1,110.77,1,524,0,2.0,1.0,1.0,0.5,2.0,10,0,1,0,0
610,0,11,300.844,102.397,451.76,0,1,1,0,52,0,5,1504.22,3,467,179,0.0,0.0,0.0,1.0,0.0,24,1,0,0,1
611,0,10,208.29,164.833,337.62,1,0,0,1,44,1,3,624.87,3,434,238,1.0,1.0,1.0,0.0,1.0,81,0,0,0,1
612,0,41,241.184,144.312,416.82,0,1,0,0,69,0,7,1688.29,4,382,318,1.0,0.5,0.0,1.0,2.0,14,0,0,0,1
613,0,32,204.06,110.773,276.57,1,0,0,1,56,1,3,612.18,2,400,207,0.0,0.0,0.0,1.0,0.0,127,0,0,0,0
614,1,24,413.053,89.351,485.38,1,0,0,1,64,0,3,1239.16,3,386,171,0.0,0.0,0.0,1.0,1.0,281,1,0,0,0
615,0,7,160.56,131.736,276.52,0,1,1,0,34,0,3,481.68,2,557,75,0.0,0.0,0.0,0.5,2.0,142,0,0,0,0
616,1,29,209.294,74.907,336.87,0,0,0,0,65,1,8,1674.35,5,480,224,0.0,0.0,0.0,0.0,1.0,139,0,0,0,0
617,1,2,306.654,149.787,468.77,0,1,1,0,58,0,7,2146.58,5,388,293,0.0,0.0,0.0,1.0,0.0,343,0,0,1,0
618,1,16,146.506,66.388,265.52,0,1,1,0,18,1,7,1025.54,4,389,322,0.0,0.0,0.0,1.0,2.0,41,1,0,0,0
619,1,31,244.19,0.0,244.19,0,0,0,1,28,1,1,244.19,1,630,0,0.0,0.0,0.0,0.0,1.0,248,0,0,0,0
620,0,12,231.45,155.184,365.99,0,0,0,1,29,0,3,694.35,2,379,56,1.0,1.0,1.0,0.0,1.0,309,0,0,0,0
621,0,32,102.4,16.985,114.41,1,0,1,0,31,0,2,204.8,1,681,47,0.0,0.0,0.0,1.0,1.0,138,0,0,0,0
622,0,47,150.908,106.283,297.06,0,0,0,1,25,1,5,754.54,4,390,292,0.0,0.0,0.0,0.0,1.0,91,0,0,0,0
623,0,41,153.464,118.296,315.05,0,0,0,1,48,0,7,1074.25,4,406,294,0.0,0.0,0.0,0.0,2.0,263,0,0,0,0
624,0,18,233.61,167.566,436.81,0,0,0,0,24,0,4,934.44,3,495,225,0.0,0.0,0.0,1.0,0.0,42,0,1,0,1
625,1,3,272.488,153.409,427.7,0,0,1,0,63,0,9,2452.39,4,374,310,0.0,0.0,0.0,1.0,0.0,150,1,0,0,0
626,0,16,302.112,125.678,478.6,0,0,1,0,48,1,8,2416.9,4,393,318,0.0,0.0,0.0,1.0,0.0,307,0,1,0,1
627,1,49,321.58,106.354,412.85,1,0,0,0,33,0,6,1929.48,5,482,206,0.0,0.0,0.0,1.0,1.0,45,0,1,1,0
628,0,42,67.65,0.0,67.65,0,1,0,1,59,0,1,67.65,1,607,0,0.0,0.0,0.0,1.0,1.0,349,0,1,0,0
629,0,18,219.123,135.251,365.46,0,0,0,0,56,1,3,657.37,2,440,23,0.0,0.0,0.0,0.5,2.0,358,0,0,0,0
630,1,44,471.22,27.407,490.6,1,0,0,0,61,0,2,942.44,1,461,144,0.0,0.0,0.0,0.0,1.0,136,0,1,1,0
631,0,15,238.83,0.0,238.83,1,0,0,0,36,1,1,238.83,1,598,0,1.0,0.5,0.0,0.5,2.0,161,0,1,0,0
632,0,41,176.81,114.844,386.65,0,0,0,1,25,1,6,1060.86,4,418,201,0.0,0.0,0.0,0.0,1.0,33,0,0,0,0
633,0,37,248.215,147.032,470.22,0,1,0,0,46,1,8,1985.72,4,367,340,0.0,0.0,0.0,0.0,2.0,57,0,0,0,1
634,0,23,263.385,120.341,442.93,0,1,1,0,19,1,4,1053.54,3,458,215,1.0,0.5,1.0,0.0,2.0,254,1,0,0,1
635,0,26,314.948,114.583,455.66,0,0,0,1,59,0,5,1574.74,2,579,102,0.0,0.0,0.0,0.0,1.0,21,0,0,0,0
636,0,7,208.344,143.644,347.79,0,0,0,0,20,1,5,1041.72,3,406,294,0.0,0.0,0.0,0.5,2.0,95,0,0,0,0
637,0,48,203.745,135.275,458.79,0,0,0,0,68,1,8,1629.96,4,438,182,0.0,0.0,0.0,1.0,1.0,249,0,0,0,1
638,0,21,97.315,28.956,117.79,1,0,0,0,46,1,2,194.63,2,454,239,0.0,0.0,0.0,1.0,0.0,245,0,1,0,0
639,0,29,234.278,116.868,431.14,0,0,0,0,32,0,8,1874.22,4,367,359,0.0,0.0,0.0,0.0,1.0,276,0,1,1,0
640,0,45,301.081,88.005,446.95,0,1,0,0,55,1,8,2408.65,4,377,229,1.0,0.5,0.0,0.5,2.0,37,0,1,0,0
641,1,7,190.841,127.076,440.52,0,0,0,0,45,1,9,1717.57,4,399,302,1.0,0.5,0.0,0.5,2.0,199,0,0,0,0
642,0,6,264.563,184.308,471.35,1,0,1,0,54,1,6,1587.38,3,539,178,1.0,1.0,1.0,0.0,1.0,138,0,0,1,0
643,1,27,151.489,148.185,441.63,1,0,0,1,49,1,7,1060.42,4,368,337,0.0,0.0,0.0,1.0,0.0,105,0,0,0,1
644,1,43,133.025,179.754,260.13,0,1,1,0,47,1,2,266.05,1,421,6,0.0,0.0,0.0,1.0,1.0,111,1,0,0,0
645,0,46,328.56,0.0,328.56,0,0,0,0,68,1,1,328.56,1,517,0,0.0,0.0,0.0,0.5,2.0,186,0,1,1,0
646,1,17,163.69,0.0,163.69,1,0,0,0,64,1,1,163.69,1,603,0,0.0,0.0,0.0,1.0,0.0,311,0,1,0,0
647,0,24,12.46,0.0,12.46,0,0,0,0,47,1,1,12.46,1,718,0,1.0,0.5,1.0,0.5,2.0,295,1,0,1,0
648,0,28,342.723,91.979,443.29,1,0,1,0,68,1,3,1028.17,2,545,131,0.0,0.0,0.0,1.0,1.0,142,0,1,1,0
649,0,26,189.892,99.614,258.59,0,1,0,0,51,1,4,759.57,2,415,136,0.0,0.0,0.0,0.0,1.0,183,0,1,1,0
650,1,38,249.835,313.284,471.36,1,0,1,0,30,1,2,499.67,2,367,291,1.0,1.0,0.0,1.0,1.0,123,0,0,0,1
651,0,26,209.574,135.703,467.26,1,0,0,1,50,1,7,1467.02,4,387,338,0.0,0.0,0.0,1.0,0.0,228,0,0,0,0
652,0,40,249.172,103.19,340.08,0,0,1,0,59,0,5,1245.86,3,444,269,1.0,0.5,1.0,0.0,2.0,227,0,1,0,0
653,0,1,392.17,0.0,392.17,1,0,1,0,34,0,1,392.17,1,487,0,0.0,0.0,0.0,1.0,1.0,276,1,0,0,0
654,0,19,159.686,119.0,342.78,0,1,0,1,20,1,9,1437.17,4,427,174,0.0,0.0,0.0,1.0,1.0,315,1,0,0,0
655,0,26,233.028,129.764,392.59,1,0,0,0,26,0,9,2097.25,5,511,215,1.0,0.5,1.0,0.0,2.0,334,1,0,0,0
656,0,35,223.931,106.543,353.1,0,1,1,0,69,0,7,1567.52,5,410,301,0.0,0.0,0.0,1.0,0.0,174,1,0,0,0
657,1,16,227.06,98.551,380.12,0,0,0,1,28,0,5,1135.3,4,482,40,0.0,0.0,0.0,1.0,1.0,24,0,0,1,0
658,1,13,188.798,117.473,331.74,0,1,1,0,66,1,6,1132.79,3,473,180,0.0,0.0,0.0,0.0,1.0,189,1,0,0,1
659,0,10,276.36,152.314,454.77,0,0,1,0,44,0,6,1658.16,3,396,281,1.0,0.5,1.0,0.5,2.0,97,0,1,0,1
660,0,8,334.532,139.515,469.91,1,0,0,1,45,0,8,2676.26,5,438,282,1.0,0.5,0.0,0.5,2.0,140,1,0,0,0
661,0,27,197.461,145.898,437.18,0,1,1,0,19,1,8,1579.69,5,373,263,0.0,0.0,0.0,1.0,0.0,80,1,0,0,1
662,0,26,189.602,135.7,338.38,0,0,0,1,18,0,4,758.41,3,536,124,0.0,0.0,0.0,1.0,0.0,121,1,0,0,0
663,0,3,193.498,104.502,336.29,0,1,1,0,23,0,6,1160.99,5,468,217,1.0,1.0,1.0,0.0,1.0,263,1,0,0,1
664,0,45,328.823,163.483,480.09,0,0,0,0,42,0,6,1972.94,4,399,285,1.0,1.0,1.0,0.0,1.0,129,0,0,1,0
665,0,36,281.038,150.297,481.26,0,0,0,1,52,0,5,1405.19,3,488,199,1.0,1.0,1.0,0.0,1.0,199,0,0,0,0
666,0,41,474.38,0.0,474.38,0,0,0,0,33,1,1,474.38,1,716,0,0.0,0.0,0.0,1.0,0.0,70,0,0,0,1
667,0,8,240.358,145.624,430.85,0,1,1,0,21,0,6,1442.15,4,491,233,0.0,0.0,0.0,1.0,1.0,73,0,0,0,1
668,0,32,238.37,156.003,481.02,1,0,0,0,64,1,7,1668.59,3,371,353,0.0,0.0,0.0,0.0,1.0,211,0,1,0,0
669,0,19,279.051,161.246,479.52,0,1,0,1,55,0,8,2232.41,4,424,249,1.0,0.5,1.0,0.5,2.0,55,0,1,0,0
670,0,12,143.34,0.0,143.34,0,1,1,0,61,0,1,143.34,1,421,0,0.0,0.0,0.0,1.0,0.0,273,0,0,0,0
671,0,45,287.497,137.648,439.84,0,1,0,1,37,0,9,2587.47,3,385,343,1.0,1.0,0.0,1.0,1.0,306,0,0,0,0
672,0,45,77.31,0.0,77.31,0,0,1,0,42,0,1,77.31,1,580,0,0.0,0.0,0.0,1.0,2.0,274,1,0,0,0
673,0,13,222.438,153.675,385.69,0,0,0,0,24,0,8,1779.5,4,390,294,1.0,0.5,0.0,1.0,2.0,182,1,0,0,0
674,1,44,257.166,139.925,446.98,0,0,0,0,38,1,9,2314.49,5,467,226,1.0,0.5,1.0,0.5,2.0,342,0,0,0,0
675,0,48,273.478,155.001,451.46,0,0,0,1,24,1,9,2461.3,5,370,333,0.0,0.0,0.0,1.0,2.0,207,0,0,0,0
676,0,45,184.71,96.493,304.15,0,0,0,1,46,1,5,923.55,4,366,335,0.0,0.0,0.0,1.0,0.0,45,1,0,1,0
677,1,7,308.82,0.0,308.82,1,0,1,0,69,0,1,308.82,1,618,0,2.0,1.0,1.0,0.5,2.0,179,0,1,0,0
678,0,47,216.075,51.144,287.35,0,1,0,1,24,1,4,864.3,3,386,218,1.0,1.0,0.0,1.0,1.0,253,0,0,0,0
679,0,47,242.9,157.698,495.28,0,1,0,1,20,0,7,1700.3,4,370,349,0.0,0.0,0.0,0.5,2.0,122,0,1,0,0
680,0,16,276.761,95.938,423.15,1,0,0,0,46,1,9,2490.85,4,383,345,0.0,0.0,0.0,1.0,0.0,7,0,1,0,1
681,0,32,365.798,153.891,485.88,1,0,0,1,46,1,4,1463.19,3,461,208,0.0,0.0,0.0,1.0,0.0,192,1,0,0,0
682,1,9,216.822,199.264,443.31,1,0,0,1,56,1,5,1084.11,5,380,310,0.0,0.0,0.0,1.0,1.0,108,1,0,0,0
683,0,26,276.656,102.778,435.35,1,0,1,0,55,0,5,1383.28,3,402,292,0.0,0.0,0.0,0.5,2.0,134,0,0,0,1
684,0,48,248.188,110.873,396.58,0,0,0,0,23,1,5,1240.94,4,410,289,0.0,0.0,0.0,1.0,1.0,160,1,0,1,0
685,1,40,267.37,306.884,484.37,0,1,0,0,63,0,2,534.74,2,653,63,0.0,0.0,0.0,1.0,0.0,157,0,1,0,1
686,0,47,254.918,212.767,452.08,1,0,1,0,27,1,4,1019.67,3,392,248,0.0,0.0,0.0,1.0,0.0,155,0,1,0,1
687,0,20,160.743,135.048,374.93,0,0,0,0,54,0,9,1446.69,4,379,339,0.0,0.0,0.0,1.0,1.0,37,0,0,0,0
688,0,6,253.497,149.727,480.97,1,0,1,0,31,0,9,2281.47,5,384,274,0.0,0.0,0.0,0.5,2.0,87,0,1,0,0
689,0,11,224.378,184.326,494.48,0,1,1,0,39,0,4,897.51,3,375,294,0.0,0.0,0.0,1.0,0.0,341,1,0,0,0
690,0,29,212.687,36.311,247.84,0,0,0,1,49,0,3,638.06,3,376,243,0.0,0.0,0.0,1.0,0.0,9,0,0,0,1
691,1,7,341.595,16.242,353.08,1,0,0,1,35,0,2,683.19,1,405,273,0.0,0.0,0.0,1.0,0.0,354,1,0,0,0
692,0,29,284.252,231.165,463.28,0,0,1,0,53,0,5,1421.26,3,403,298,0.0,0.0,0.0,1.0,0.0,190,0,1,0,1
693,0,43,269.328,142.072,455.11,0,0,0,1,63,0,8,2154.62,4,381,331,1.0,1.0,0.0,1.0,1.0,91,1,0,1,0
694,0,4,214.349,159.078,433.03,0,0,0,1,69,0,7,1500.44,3,454,227,0.0,0.0,0.0,1.0,0.0,353,0,0,0,0
695,1,24,290.603,149.739,498.81,0,0,0,0,26,0,9,2615.43,4,371,354,0.0,0.0,0.0,0.5,2.0,325,1,0,1,0
696,1,3,55.77,0.0,55.77,0,0,0,0,43,0,1,55.77,1,644,0,1.0,1.0,1.0,0.0,1.0,324,0,1,0,1
697,0,12,244.55,111.327,323.27,1,0,0,1,39,1,2,489.1,2,473,54,0.0,0.0,0.0,1.0,0.0,173,0,0,0,0
698,0,35,136.51,152.297,244.2,0,1,1,0,63,0,2,273.02,1,419,149,0.0,0.0,0.0,1.0,0.0,181,0,1,0,0
699,1,8,248.54,215.018,451.89,0,0,1,0,55,1,4,994.16,2,400,145,0.0,0.0,0.0,1.0,0.0,320,1,0,1,0
700,0,38,351.285,132.311,498.56,1,0,0,1,40,1,8,2810.28,5,470,222,0.0,0.0,0.0,0.5,2.0,13,0,0,0,0
701,0,41,266.122,138.3,473.3,0,0,0,1,34,0,9,2395.1,4,425,298,0.0,0.0,0.0,1.0,0.0,347,0,0,0,0
702,1,38,136.354,141.783,373.17,0,1,1,0,43,1,5,681.77,3,439,215,0.0,0.0,0.0,1.0,0.0,0,1,0,0,0
703,0,15,184.221,159.398,470.88,0,0,0,0,64,0,7,1289.55,4,423,306,1.0,0.5,0.0,1.0,2.0,106,1,0,0,0
704,0,5,316.227,168.359,421.28,0,0,0,0,55,0,3,948.68,2,610,92,0.0,0.0,0.0,1.0,0.0,58,0,1,1,0
705,0,40,254.781,172.863,475.86,0,0,1,0,19,1,7,1783.47,4,492,196,0.0,0.0,0.0,0.0,2.0,229,0,1,0,0
706,0,16,104.0,0.0,104.0,0,1,0,1,23,0,1,104.0,1,586,0,0.0,0.0,0.0,0.0,1.0,279,0,0,0,0
707,0,46,35.24,0.0,35.24,1,0,0,0,24,1,1,35.24,1,625,0,0.0,0.0,0.0,0.0,1.0,363,0,0,0,0
708,0,28,269.16,219.481,488.94,1,0,1,0,30,1,3,807.48,3,381,339,0.0,0.0,0.0,0.0,1.0,93,0,1,0,1
709,0,13,346.94,0.0,346.94,1,0,0,1,44,1,1,346.94,1,599,0,0.0,0.0,0.0,1.0,0.0,163,1,0,0,0
710,0,41,228.943,182.182,465.95,0,0,0,1,28,1,6,1373.66,3,391,234,0.0,0.0,0.0,1.0,0.0,246,0,1,0,0
711,0,11,391.99,0.0,391.99,0,0,0,0,32,0,1,391.99,1,583,0,1.0,1.0,1.0,0.0,1.0,308,0,1,0,1
712,0,37,231.878,125.5,377.8,0,0,0,1,26,0,5,1159.39,3,393,268,0.0,0.0,0.0,1.0,2.0,31,1,0,0,0
713,0,3,224.068,110.075,390.15,0,0,1,0,25,0,8,1792.54,4,420,245,0.0,0.0,0.0,1.0,1.0,294,0,1,0,0
714,0,8,146.29,156.52,485.71,0,0,1,0,63,1,8,1170.32,3,372,341,0.0,0.0,0.0,1.0,0.0,114,1,0,0,1
715,0,38,277.955,233.31,442.93,1,0,1,0,23,0,2,555.91,1,508,56,0.0,0.0,0.0,0.0,1.0,212,0,0,0,0
716,1,47,357.811,151.47,487.46,0,1,1,0,65,1,9,3220.3,5,409,314,0.0,0.0,0.0,0.5,2.0,354,1,0,1,0
717,0,34,278.661,122.993,449.74,0,0,0,1,60,1,7,1950.63,3,457,151,0.0,0.0,0.0,0.0,2.0,242,0,1,1,0
718,0,38,307.535,141.626,488.77,1,0,1,0,21,1,6,1845.21,4,440,238,0.0,0.0,0.0,0.0,1.0,172,1,0,0,1
719,0,42,217.43,117.196,300.3,0,0,0,0,28,1,2,434.86,2,461,225,0.0,0.0,0.0,1.0,0.0,15,0,0,0,1
720,0,24,258.522,147.649,490.97,0,0,0,1,68,1,6,1551.13,3,466,263,0.0,0.0,0.0,0.5,2.0,335,0,1,0,0
721,0,18,184.266,87.247,313.02,1,0,0,1,45,1,5,921.33,4,533,98,0.0,0.0,0.0,1.0,0.0,247,0,1,1,0
722,0,25,271.58,188.58,442.42,0,1,0,1,43,0,3,814.74,2,391,199,0.0,0.0,0.0,0.0,1.0,272,0,1,0,1
723,0,13,306.223,97.166,453.19,0,1,1,0,21,0,7,2143.56,3,423,266,0.0,0.0,0.0,1.0,2.0,212,0,1,0,1
724,0,39,238.865,204.545,383.5,0,0,0,1,32,0,2,477.73,2,585,5,0.0,0.0,0.0,0.0,1.0,68,0,1,0,0
725,0,22,313.645,141.117,413.43,0,0,1,0,36,1,2,627.29,2,605,51,0.0,0.0,0.0,1.0,0.0,78,1,0,0,0
726,0,30,256.025,157.744,477.94,0,0,1,0,23,1,8,2048.2,5,374,335,1.0,1.0,0.0,1.0,1.0,124,0,0,0,0
727,0,30,208.683,191.449,491.58,1,0,0,1,22,0,6,1252.1,5,373,289,0.0,0.0,0.0,1.0,0.0,140,1,0,0,0
728,0,37,310.488,119.844,470.47,0,0,0,1,35,0,5,1552.44,4,422,284,1.0,1.0,1.0,0.0,1.0,240,0,1,0,0
729,0,45,80.535,8.747,86.72,1,0,1,0,23,0,2,161.07,2,377,251,0.0,0.0,0.0,1.0,1.0,325,1,0,0,0
730,0,43,207.965,109.969,387.68,0,0,0,1,48,1,6,1247.79,5,470,163,0.0,0.0,0.0,1.0,1.0,11,0,1,1,0
731,0,15,194.938,145.683,433.53,1,0,0,1,42,0,8,1559.5,5,455,244,0.0,0.0,0.0,1.0,0.0,11,0,0,0,0
732,0,35,207.302,164.584,458.37,1,0,1,0,21,0,9,1865.72,5,478,209,0.0,0.0,0.0,0.0,1.0,15,1,0,0,0
733,1,6,227.047,116.104,330.42,0,1,1,0,23,1,3,681.14,2,415,307,0.0,0.0,0.0,0.0,2.0,350,0,0,0,0
734,0,11,209.424,199.221,460.14,0,0,0,1,58,1,5,1047.12,3,426,249,1.0,0.5,0.0,0.5,2.0,118,1,0,1,0
735,0,28,270.686,177.696,496.35,0,0,1,0,54,0,8,2165.49,4,381,313,0.0,0.0,0.0,0.5,2.0,87,0,1,0,1
736,0,30,192.1,105.467,261.75,0,0,1,0,67,0,3,576.3,3,514,103,1.0,1.0,1.0,0.0,1.0,303,0,1,0,1
737,0,16,236.894,141.503,463.64,1,0,0,0,42,1,9,2132.05,4,409,300,0.0,0.0,0.0,0.5,2.0,232,1,0,0,1
738,0,28,225.12,169.735,389.35,0,1,0,1,51,1,3,675.36,1,593,44,2.0,1.0,1.0,0.0,2.0,220,1,0,0,0
739,0,25,169.485,145.53,272.39,0,0,0,1,36,1,2,338.97,2,448,256,0.0,0.0,0.0,1.0,0.0,85,0,0,0,0
740,0,48,232.757,166.069,476.17,0,0,0,1,51,1,9,2094.81,5,394,333,1.0,1.0,0.0,1.0,1.0,218,0,0,0,0
741,0,30,289.708,155.383,485.51,1,0,0,1,32,0,8,2317.66,5,381,277,1.0,1.0,0.0,1.0,1.0,192,0,1,0,0
742,1,45,291.55,285.968,493.76,0,1,0,1,67,0,2,583.1,2,548,120,0.0,0.0,0.0,1.0,0.0,276,0,0,0,0
743,0,14,279.602,73.628,344.42,0,1,1,0,25,0,4,1118.41,3,381,306,1.0,0.5,0.0,1.0,2.0,156,0,0,0,0
744,0,27,188.672,108.403,298.72,0,0,0,1,61,0,6,1132.03,4,444,230,0.0,0.0,0.0,1.0,0.0,205,0,1,0,1
745,0,48,293.253,143.176,473.86,0,1,0,1,64,0,9,2639.28,4,399,285,0.0,0.0,0.0,1.0,0.0,204,0,1,1,0
746,0,30,302.41,263.708,488.88,0,1,0,0,66,1,2,604.82,1,437,272,0.0,0.0,0.0,1.0,1.0,13,1,0,0,0
747,0,10,241.77,193.12,498.9,1,0,1,0,51,1,4,967.08,2,371,345,1.0,0.5,1.0,0.0,2.0,29,0,0,0,1
748,1,20,142.285,82.739,200.79,0,0,0,1,35,0,2,284.57,2,408,248,0.0,0.0,0.0,1.0,0.0,328,1,0,1,0
749,0,44,206.09,49.658,254.96,0,1,0,1,47,1,3,618.27,3,374,269,1.0,0.5,1.0,0.5,2.0,308,0,0,0,0
750,0,7,325.051,144.066,472.13,0,0,0,1,30,0,8,2600.41,4,391,310,0.0,0.0,0.0,0.5,2.0,132,0,1,0,0
751,0,34,195.392,188.298,496.89,0,1,0,1,64,0,6,1172.35,2,461,258,1.0,1.0,0.0,1.0,1.0,129,0,1,0,1
752,0,27,228.529,158.162,469.85,0,1,1,0,50,0,9,2056.76,4,390,318,0.0,0.0,0.0,1.0,2.0,24,0,1,0,1
753,1,23,260.158,150.158,475.21,0,1,0,0,52,0,6,1560.95,4,410,234,1.0,0.5,0.0,0.5,2.0,188,0,0,0,0
754,0,46,280.518,112.876,405.13,0,0,0,0,69,1,4,1122.07,3,431,236,0.0,0.0,0.0,1.0,0.0,57,0,1,0,0
755,0,45,179.893,163.036,331.36,0,0,0,1,41,0,3,539.68,3,557,86,0.0,0.0,0.0,1.0,0.0,315,0,1,0,0
756,0,25,346.95,142.97,482.48,0,0,0,0,43,0,6,2081.7,3,586,122,0.0,0.0,0.0,1.0,0.0,144,1,0,0,0
757,1,28,296.824,79.944,352.08,0,0,0,0,64,0,5,1484.12,4,418,299,0.0,0.0,0.0,1.0,1.0,116,1,0,0,0
758,0,18,191.722,159.64,462.84,0,0,0,0,68,1,9,1725.5,4,384,199,0.0,0.0,0.0,0.0,2.0,146,0,0,0,0
759,0,13,287.985,135.842,384.04,0,0,0,0,61,0,2,575.97,2,656,23,1.0,1.0,0.0,1.0,1.0,294,0,1,0,1
760,0,13,477.75,0.0,477.75,0,0,0,0,59,1,1,477.75,1,600,0,0.0,0.0,0.0,0.5,2.0,335,0,0,0,0
761,0,45,145.469,115.09,339.09,1,0,1,0,64,1,9,1309.22,3,378,346,0.0,0.0,0.0,1.0,1.0,358,0,0,0,0
762,1,34,286.439,116.049,463.35,0,0,1,0,18,0,9,2577.95,5,472,232,1.0,1.0,1.0,0.0,1.0,55,1,0,0,1
763,1,14,138.626,67.228,253.05,1,0,1,0,30,1,5,693.13,3,415,161,1.0,0.5,0.0,1.0,2.0,247,1,0,1,0
764,0,28,496.99,0.0,496.99,0,0,0,0,27,1,1,496.99,1,705,0,0.0,0.0,0.0,1.0,0.0,319,1,0,0,0
765,0,13,215.84,204.626,498.03,1,0,1,0,36,0,5,1079.2,3,475,184,0.0,0.0,0.0,1.0,1.0,24,0,0,0,0
766,0,34,303.41,56.153,336.78,0,0,0,0,22,0,3,910.23,3,571,74,1.0,0.5,0.0,1.0,2.0,175,0,1,0,0
767,0,5,273.711,73.424,402.69,0,0,0,0,25,1,8,2189.69,4,374,326,0.0,0.0,0.0,1.0,0.0,143,1,0,0,0
768,0,40,213.692,159.136,459.88,0,0,1,0,21,0,5,1068.46,4,501,176,0.0,0.0,0.0,1.0,0.0,131,1,0,0,1
769,0,10,251.49,104.778,379.53,0,0,0,1,66,1,5,1257.45,3,545,141,1.0,0.5,1.0,0.5,2.0,219,1,0,0,0
770,0,36,161.778,111.411,369.57,0,1,0,0,30,0,6,970.67,3,418,302,0.0,0.0,0.0,0.0,2.0,335,0,1,0,1
771,0,6,214.376,159.541,471.73,0,1,0,0,55,0,7,1500.63,4,383,296,1.0,0.5,1.0,0.5,2.0,262,0,0,0,0
772,0,21,281.145,190.36,467.71,1,0,1,0,63,0,4,1124.58,3,428,149,0.0,0.0,0.0,0.0,2.0,245,0,0,0,0
773,0,35,239.864,160.027,455.92,0,1,0,0,66,1,8,1918.91,4,378,243,0.0,0.0,0.0,1.0,0.0,177,0,1,0,1
774,0,16,41.49,0.0,41.49,0,0,0,0,63,1,1,41.49,1,696,0,0.0,0.0,0.0,1.0,0.0,37,0,0,0,0
775,1,20,317.38,154.07,495.15,0,1,0,0,36,1,5,1586.9,4,394,277,0.0,0.0,0.0,1.0,1.0,152,0,1,1,0
776,0,31,329.546,100.36,459.53,1,0,1,0,69,0,5,1647.73,3,373,303,1.0,0.5,1.0,0.5,2.0,147,1,0,0,0
777,1,5,248.0,139.161,449.87,0,0,0,1,67,1,6,1488.0,3,452,250,0.0,0.0,0.0,1.0,0.0,100,0,1,0,0
778,0,6,229.39,140.809,446.03,0,0,0,1,25,0,9,2064.51,5,415,302,1.0,0.5,1.0,0.5,2.0,160,0,0,0,0
779,0,2,260.51,170.499,490.68,0,0,1,0,44,0,6,1563.06,4,394,318,0.0,0.0,0.0,1.0,1.0,167,1,0,1,0
780,0,39,301.084,143.215,456.25,0,0,0,0,67,1,7,2107.59,5,394,316,1.0,1.0,1.0,0.0,1.0,73,1,0,0,1
781,0,22,274.305,255.867,455.23,1,0,0,1,64,0,2,548.61,1,529,150,0.0,0.0,0.0,1.0,1.0,337,1,0,0,1
782,1,11,208.558,116.621,308.14,0,0,1,0,47,1,5,1042.79,4,442,244,0.0,0.0,0.0,0.0,1.0,115,1,0,1,0
783,0,15,188.947,144.345,398.63,0,0,1,0,21,0,6,1133.68,2,434,279,0.0,0.0,0.0,1.0,0.0,143,0,1,1,0
784,0,13,391.928,71.207,479.86,0,0,0,0,28,1,4,1567.71,3,450,192,0.0,0.0,0.0,0.5,2.0,144,0,0,0,0
785,0,33,280.11,114.307,492.58,0,0,0,0,38,0,7,1960.77,4,377,140,0.0,0.0,0.0,1.0,1.0,84,0,0,0,0
786,0,46,237.933,110.584,492.41,0,0,1,0,60,0,9,2141.4,5,423,304,0.0,0.0,0.0,0.5,2.0,112,1,0,0,0
787,0,14,156.922,121.155,315.0,1,0,1,0,19,1,8,1255.38,4,402,327,2.0,1.0,1.0,0.5,2.0,235,0,1,0,0
788,1,39,208.23,186.146,468.7,0,0,1,0,38,1,5,1041.15,2,375,224,0.0,0.0,0.0,1.0,0.0,133,0,0,0,0
789,1,2,219.462,152.162,453.78,0,0,0,1,34,0,8,1755.7,5,365,313,1.0,0.5,0.0,1.0,2.0,102,0,1,1,0
790,0,10,309.129,131.94,437.03,0,0,0,0,60,1,9,2782.16,4,396,239,0.0,0.0,0.0,1.0,1.0,247,0,1,0,1
791,1,42,220.66,154.673,330.03,0,1,1,0,68,0,2,441.32,2,433,235,0.0,0.0,0.0,1.0,2.0,10,0,1,0,1
792,0,30,276.234,76.438,343.51,0,0,0,0,46,0,5,1381.17,3,377,243,0.0,0.0,0.0,0.5,2.0,147,0,0,0,0
793,0,32,198.192,178.937,433.81,1,0,0,1,44,0,6,1189.15,3,532,136,0.0,0.0,0.0,1.0,1.0,78,0,1,1,0
794,0,9,405.125,73.726,496.91,1,0,1,0,41,0,6,2430.75,4,395,325,2.0,1.0,0.0,1.0,2.0,222,0,1,0,0
795,0,48,248.26,192.868,492.61,1,0,0,0,66,0,4,993.04,3,467,137,0.0,0.0,0.0,1.0,1.0,0,0,0,0,1
796,0,16,256.661,168.302,457.81,0,0,0,1,20,1,9,2309.95,5,400,319,0.0,0.0,0.0,1.0,0.0,325,0,1,0,0
797,0,39,230.555,172.374,459.8,0,0,1,0,56,1,4,922.22,2,391,298,0.0,0.0,0.0,1.0,1.0,2,0,1,1,0
798,0,5,158.992,93.422,293.43,0,1,0,0,27,1,6,953.95,3,426,232,0.0,0.0,0.0,1.0,2.0,218,1,0,0,0
799,1,46,228.032,80.552,274.28,0,1,1,0,20,0,4,912.13,2,468,202,0.0,0.0,0.0,0.0,1.0,362,1,0,0,0
800,0,15,242.618,168.839,393.55,1,0,0,0,62,1,5,1213.09,3,374,295,1.0,0.5,1.0,0.5,2.0,217,0,0,0,1
801,0,4,231.713,137.154,454.68,0,0,0,0,59,1,7,1621.99,4,366,359,0.0,0.0,0.0,1.0,0.0,117,0,1,0,1
802,0,24,252.145,258.2,434.72,0,1,0,1,43,1,2,504.29,1,391,153,0.0,0.0,0.0,0.5,2.0,115,1,0,0,1
803,0,25,267.049,140.118,464.17,1,0,0,1,54,0,8,2136.39,4,370,353,0.0,0.0,0.0,0.0,1.0,47,0,1,0,0
804,0,37,316.933,134.29,461.38,0,1,0,1,44,1,7,2218.53,4,385,250,0.0,0.0,0.0,1.0,1.0,12,0,1,0,1
805,0,24,183.437,164.451,463.45,0,1,0,1,22,1,6,1100.62,4,367,272,1.0,1.0,0.0,1.0,1.0,348,0,1,1,0
806,1,42,140.433,111.194,266.12,0,0,0,1,59,1,3,421.3,3,420,83,1.0,1.0,0.0,1.0,1.0,133,0,0,0,0
807,1,13,304.352,146.502,465.22,1,0,0,0,28,0,4,1217.41,3,407,94,0.0,0.0,0.0,1.0,0.0,306,1,0,0,0
808,0,20,293.272,182.581,499.57,0,1,0,1,30,1,6,1759.63,2,450,266,0.0,0.0,0.0,0.5,2.0,135,0,0,0,1
809,0,5,164.707,160.038,431.04,0,0,0,0,58,0,9,1482.36,5,389,328,0.0,0.0,0.0,1.0,0.0,324,1,0,0,1
810,0,20,322.52,93.748,461.0,0,0,0,0,51,0,4,1290.08,3,477,234,1.0,1.0,0.0,1.0,1.0,317,0,0,0,0
811,0,18,435.555,8.902,441.85,0,1,1,0,55,1,2,871.11,2,630,34,1.0,1.0,0.0,1.0,1.0,267,0,0,1,0
812,1,39,291.756,127.332,459.89,0,0,0,0,57,0,7,2042.29,4,377,196,1.0,0.5,0.0,1.0,2.0,297,1,0,0,0
813,0,49,275.786,160.468,460.83,0,0,0,0,50,1,8,2206.29,4,372,310,0.0,0.0,0.0,1.0,0.0,23,0,1,0,0
814,0,3,183.363,106.332,360.71,0,1,0,1,51,0,9,1650.27,5,406,250,0.0,0.0,0.0,1.0,2.0,223,0,0,0,0
815,0,44,246.69,323.289,475.29,0,0,0,0,44,1,2,493.38,2,379,324,0.0,0.0,0.0,1.0,0.0,132,0,0,0,0
816,0,31,162.421,133.475,416.07,0,0,0,1,53,1,8,1299.37,4,431,184,0.0,0.0,0.0,1.0,0.0,72,0,0,0,0
817,0,30,84.475,55.932,153.21,0,0,0,0,43,0,4,337.9,2,499,225,0.0,0.0,0.0,1.0,0.0,14,0,1,0,1
818,0,41,161.968,68.163,264.65,1,0,0,0,68,1,8,1295.74,3,380,333,1.0,1.0,0.0,1.0,1.0,283,0,0,0,1
819,0,24,197.052,80.789,251.83,1,0,0,1,42,0,5,985.26,4,422,166,0.0,0.0,0.0,0.0,1.0,239,0,1,0,0
820,0,5,283.23,177.3,408.6,0,1,1,0,36,1,2,566.46,2,419,112,0.0,0.0,0.0,1.0,0.0,114,0,0,0,0
821,0,20,152.475,38.134,179.44,0,1,0,0,38,0,2,304.95,2,477,210,1.0,1.0,0.0,1.0,1.0,195,1,0,1,0
822,0,24,252.804,136.838,485.9,0,1,0,0,48,0,9,2275.24,4,498,201,1.0,0.5,1.0,0.0,2.0,336,1,0,0,0
823,1,17,217.127,87.428,301.06,0,0,0,1,46,0,3,651.38,3,490,200,0.0,0.0,0.0,1.0,1.0,0,0,0,1,0
824,0,8,318.01,0.0,318.01,0,0,0,1,26,0,1,318.01,1,534,0,0.0,0.0,0.0,1.0,0.0,330,0,0,0,0
825,0,21,120.783,119.05,312.35,0,0,1,0,36,0,9,1087.05,3,392,307,0.0,0.0,0.0,1.0,0.0,50,0,1,0,0
826,1,14,183.242,144.52,442.76,0,0,1,0,43,1,6,1099.45,4,478,198,1.0,1.0,1.0,0.0,1.0,166,1,0,0,1
827,1,38,386.322,83.38,491.34,1,0,1,0,42,1,6,2317.93,4,381,284,0.0,0.0,0.0,1.0,0.0,83,0,0,0,0
828,0,32,340.398,112.478,428.95,0,0,0,0,57,0,4,1361.59,3,420,124,0.0,0.0,0.0,0.0,1.0,80,0,0,0,0
829,0,36,144.37,0.0,144.37,0,1,0,0,60,1,1,144.37,1,509,0,0.0,0.0,0.0,1.0,0.0,201,0,0,1,0
830,0,40,197.995,260.024,381.86,1,0,0,1,46,1,2,395.99,2,434,43,0.0,0.0,0.0,1.0,0.0,167,0,1,0,1
831,1,4,177.244,96.094,291.46,0,0,0,1,42,0,8,1417.95,4,385,333,0.0,0.0,0.0,0.0,1.0,119,1,0,0,0
832,0,21,292.724,155.406,462.27,1,0,0,1,36,0,5,1463.62,3,404,259,0.0,0.0,0.0,1.0,0.0,131,0,1,0,0
833,0,25,200.158,166.283,480.2,0,0,1,0,21,0,5,1000.79,3,417,291,0.0,0.0,0.0,0.0,1.0,108,1,0,1,0
834,0,45,304.372,175.283,486.18,0,0,1,0,62,0,5,1521.86,3,378,310,0.0,0.0,0.0,0.0,1.0,40,1,0,0,0
835,0,1,165.04,87.273,302.59,0,0,1,0,37,1,5,825.2,4,462,213,1.0,1.0,0.0,1.0,1.0,163,1,0,0,0
836,1,47,188.407,166.742,437.15,0,1,0,0,63,1,6,1130.44,2,531,193,1.0,0.5,0.0,1.0,2.0,208,1,0,1,0
837,0,13,228.573,144.308,387.2,0,0,0,0,18,0,7,1600.01,4,422,282,0.0,0.0,0.0,1.0,0.0,127,0,1,0,1
838,0,16,192.214,154.908,466.26,0,0,0,1,28,1,9,1729.93,5,375,303,1.0,0.5,0.0,0.5,2.0,362,0,0,0,0
839,0,29,236.52,116.804,382.76,0,0,1,0,21,1,5,1182.6,4,380,248,0.0,0.0,0.0,1.0,0.0,186,1,0,1,0
840,0,39,199.566,187.139,499.39,0,0,0,0,24,0,5,997.83,2,372,228,1.0,1.0,0.0,1.0,1.0,190,1,0,0,0
841,1,29,228.682,145.312,404.29,0,0,1,0,45,1,8,1829.46,4,382,344,0.0,0.0,0.0,0.0,1.0,149,0,1,0,0
842,0,12,350.836,81.013,421.85,0,1,0,0,53,1,8,2806.69,3,392,323,1.0,1.0,0.0,1.0,1.0,277,1,0,0,0
843,0,31,213.906,81.372,303.04,1,0,1,0,24,0,5,1069.53,4,393,282,1.0,1.0,0.0,1.0,1.0,327,0,1,0,0
844,0,20,250.872,178.098,474.15,0,1,0,0,37,1,6,1505.23,4,393,275,0.0,0.0,0.0,1.0,0.0,61,1,0,0,1
845,0,35,279.858,116.357,404.14,0,1,0,0,52,1,8,2238.86,5,373,333,0.0,0.0,0.0,1.0,0.0,316,0,0,0,0
846,0,41,333.496,89.84,465.26,0,0,0,0,68,1,5,1667.48,2,407,285,0.0,0.0,0.0,1.0,0.0,103,1,0,0,0
847,0,28,278.822,154.265,470.34,0,1,0,0,68,0,6,1672.93,5,501,204,1.0,0.5,0.0,1.0,2.0,39,0,0,0,0
848,1,35,345.08,88.063,407.35,0,0,0,1,56,0,2,690.16,2,419,12,0.0,0.0,0.0,0.5,2.0,362,1,0,1,0
849,0,29,166.108,92.488,269.99,1,0,1,0,38,1,5,830.54,4,385,127,1.0,0.5,1.0,0.5,2.0,345,0,1,0,0
850,1,44,38.12,0.0,38.12,0,0,0,0,61,0,1,38.12,1,627,0,0.0,0.0,0.0,1.0,0.0,133,1,0,0,0
851,0,39,290.09,16.348,301.65,1,0,0,0,18,1,2,580.18,1,381,68,0.0,0.0,0.0,1.0,1.0,336,0,0,1,0
852,0,29,142.282,64.61,213.86,0,1,1,0,54,0,4,569.13,2,379,310,1.0,1.0,1.0,0.0,1.0,99,1,0,0,0
853,0,34,392.983,67.342,446.06,0,0,0,0,63,1,3,1178.95,3,519,160,1.0,1.0,1.0,0.0,1.0,30,0,1,0,0
854,0,10,47.85,0.0,47.85,0,0,0,0,59,0,1,47.85,1,425,0,0.0,0.0,0.0,0.5,2.0,172,1,0,0,0
855,0,37,332.02,70.201,425.26,1,0,1,0,20,1,8,2656.16,4,416,312,0.0,0.0,0.0,0.5,2.0,97,0,0,0,0
856,0,48,174.787,127.855,278.02,0,1,0,1,51,1,3,524.36,2,455,107,0.0,0.0,0.0,1.0,0.0,227,0,1,0,0
857,1,7,379.0,0.0,379.0,1,0,0,1,30,0,1,379.0,1,533,0,0.0,0.0,0.0,1.0,1.0,174,1,0,0,0
858,0,9,112.165,128.135,202.77,0,0,0,0,33,1,2,224.33,1,451,26,1.0,0.5,0.0,1.0,2.0,145,0,1,0,1
859,0,16,257.878,129.928,464.12,0,0,0,1,51,1,9,2320.9,4,372,312,0.0,0.0,0.0,1.0,0.0,160,0,1,0,1
860,0,21,205.18,250.344,382.2,1,0,0,1,41,0,2,410.36,2,389,218,0.0,0.0,0.0,0.5,2.0,218,1,0,0,0
861,0,14,129.395,51.456,165.78,1,0,0,0,30,0,2,258.79,2,396,224,0.0,0.0,0.0,1.0,1.0,229,0,1,0,0
862,0,2,263.522,57.599,330.92,1,0,0,0,23,1,6,1581.13,4,379,320,0.0,0.0,0.0,1.0,0.0,299,0,0,0,0
863,0,26,147.291,126.246,360.91,0,1,0,1,56,1,7,1031.04,5,399,329,0.0,0.0,0.0,0.5,2.0,78,0,0,0,1
864,0,34,219.593,140.106,427.48,0,0,0,0,19,1,7,1537.15,5,375,335,0.0,0.0,0.0,1.0,0.0,286,0,1,0,0
865,0,47,304.41,116.693,488.9,0,0,0,0,28,0,9,2739.69,4,475,242,0.0,0.0,0.0,0.0,1.0,204,1,0,0,1
866,0,49,220.045,145.12,322.66,0,0,0,1,24,0,2,440.09,1,532,16,0.0,0.0,0.0,1.0,0.0,5,0,1,0,0
867,0,18,164.198,178.768,497.4,1,0,1,0,24,1,6,985.19,3,386,340,0.0,0.0,0.0,1.0,0.0,11,0,1,0,0
868,0,12,309.668,93.329,385.35,1,0,0,1,56,1,6,1858.01,4,426,283,0.0,0.0,0.0,1.0,0.0,162,0,1,0,0
869,1,19,244.009,191.675,477.36,1,0,0,1,56,1,7,1708.06,4,443,250,1.0,0.5,0.0,0.5,2.0,16,0,0,0,0
870,0,36,358.81,0.0,358.81,1,0,0,1,29,1,1,358.81,1,691,0,0.0,0.0,0.0,0.0,1.0,347,0,1,0,0
871,0,38,317.208,185.184,435.69,0,0,0,0,68,0,4,1268.83,3,434,295,1.0,0.5,1.0,0.5,2.0,106,0,0,0,1
872,0,16,338.759,104.026,468.54,0,0,0,1,39,1,8,2710.07,3,386,331,0.0,0.0,0.0,1.0,0.0,245,0,1,1,0
873,0,46,289.573,128.917,410.81,0,1,0,0,68,1,3,868.72,3,407,236,0.0,0.0,0.0,1.0,0.0,72,0,1,0,1
874,0,8,488.21,0.0,488.21,1,0,1,0,68,0,1,488.21,1,482,0,0.0,0.0,0.0,1.0,2.0,2,1,0,1,0
875,0,9,258.339,154.812,443.99,0,1,0,1,69,0,8,2066.71,4,376,157,0.0,0.0,0.0,1.0,0.0,29,0,1,0,1
876,0,4,242.578,149.262,469.02,0,0,1,0,20,0,8,1940.62,5,368,356,0.0,0.0,0.0,1.0,1.0,102,0,0,0,0
877,0,36,312.793,121.368,449.78,1,0,0,1,30,0,7,2189.55,3,395,311,0.0,0.0,0.0,1.0,0.0,214,0,1,1,0
878,0,47,272.702,145.853,467.13,0,0,0,0,47,1,8,2181.62,5,448,272,0.0,0.0,0.0,1.0,0.0,148,0,1,0,1
879,0,38,328.09,0.0,328.09,1,0,1,0,27,1,1,328.09,1,383,0,0.0,0.0,0.0,1.0,1.0,173,0,0,1,0
880,0,49,187.319,188.77,459.44,0,0,0,1,69,0,7,1311.23,4,458,257,0.0,0.0,0.0,1.0,2.0,51,0,0,1,0
881,0,49,189.28,0.0,189.28,0,1,1,0,26,0,1,189.28,1,471,0,1.0,0.5,0.0,0.5,2.0,274,0,1,0,0
882,0,45,248.42,220.304,466.64,1,0,0,0,23,1,3,745.26,2,414,315,0.0,0.0,0.0,1.0,0.0,112,0,1,0,1
883,0,4,110.959,131.013,355.43,0,0,0,0,61,1,7,776.71,5,436,224,1.0,0.5,1.0,0.0,2.0,77,0,1,1,0
884,0,8,229.892,166.962,487.57,0,0,0,1,19,1,9,2069.03,5,390,286,0.0,0.0,0.0,0.0,1.0,87,0,0,0,1
885,0,43,270.114,115.216,444.1,0,0,0,1,61,0,9,2431.03,4,428,284,0.0,0.0,0.0,0.5,2.0,356,1,0,1,0
886,0,7,313.976,175.447,483.62,0,1,1,0,33,0,7,2197.83,3,417,288,1.0,1.0,0.0,1.0,1.0,132,1,0,0,0
887,0,3,203.07,101.06,320.69,1,0,0,0,30,0,4,812.28,2,512,140,1.0,0.5,0.0,0.5,2.0,295,0,1,0,0
888,0,1,145.647,80.837,238.32,0,0,0,0,65,1,3,436.94,3,405,319,0.0,0.0,0.0,0.0,1.0,118,0,0,0,1
889,0,4,76.72,37.736,131.39,1,0,0,1,30,1,4,306.88,2,423,291,0.0,0.0,0.0,1.0,0.0,339,1,0,0,0
890,0,1,184.735,82.116,242.8,0,0,0,0,39,1,2,369.47,2,538,131,0.0,0.0,0.0,1.0,2.0,305,1,0,0,0
891,0,46,320.434,137.762,457.88,0,1,0,0,36,0,5,1602.17,3,369,343,0.0,0.0,0.0,0.0,2.0,291,0,1,0,1
892,0,42,183.21,0.0,183.21,0,0,0,0,43,0,1,183.21,1,453,0,0.0,0.0,0.0,0.0,1.0,349,1,0,0,0
893,0,38,336.323,134.209,492.31,0,1,1,0,31,1,9,3026.91,4,459,261,1.0,0.5,0.0,0.5,2.0,78,1,0,0,0
894,0,37,327.753,211.08,493.07,0,0,1,0,48,1,3,983.26,2,418,211,0.0,0.0,0.0,0.5,2.0,132,1,0,0,0
895,0,12,235.583,185.709,463.1,1,0,1,0,46,0,7,1649.08,5,456,268,0.0,0.0,0.0,1.0,0.0,96,1,0,0,0
896,0,42,175.379,132.001,391.16,0,0,0,0,62,0,8,1403.03,4,438,291,0.0,0.0,0.0,1.0,1.0,39,0,0,0,1
897,0,10,265.66,164.049,467.83,0,0,0,1,59,0,8,2125.28,5,437,277,1.0,0.5,1.0,0.0,2.0,132,1,0,0,0
898,0,47,310.444,149.119,498.87,0,1,0,1,39,1,9,2794.0,4,435,292,0.0,0.0,0.0,0.0,1.0,356,0,0,0,1
899,1,1,38.78,0.0,38.78,0,0,0,1,24,1,1,38.78,1,519,0,0.0,0.0,0.0,0.0,1.0,15,0,1,0,0
900,0,2,117.847,102.381,218.87,0,0,1,0,54,0,3,353.54,2,370,240,0.0,0.0,0.0,1.0,1.0,283,0,0,0,1
901,0,12,258.97,109.446,336.36,1,0,0,0,66,1,2,517.94,2,531,128,0.0,0.0,0.0,1.0,0.0,351,0,1,1,0
902,0,39,148.6,143.65,405.51,1,0,1,0,58,0,7,1040.2,4,385,263,0.0,0.0,0.0,0.5,2.0,105,0,0,0,0
903,1,48,190.695,204.292,382.45,1,0,1,0,44,1,4,762.78,3,521,108,1.0,1.0,0.0,1.0,1.0,192,1,0,0,0
904,0,36,240.627,184.224,462.82,0,0,0,1,48,1,7,1684.39,3,381,327,1.0,1.0,0.0,1.0,1.0,37,1,0,0,1
905,0,7,152.819,104.97,326.58,1,0,0,1,23,1,8,1222.55,5,431,262,0.0,0.0,0.0,0.0,1.0,34,0,0,0,0
906,1,38,247.16,159.621,398.57,0,0,0,0,33,0,5,1235.8,4,367,172,0.0,0.0,0.0,1.0,0.0,272,0,1,0,1
907,0,25,54.82,0.0,54.82,0,0,1,0,55,1,1,54.82,1,442,0,0.0,0.0,0.0,1.0,0.0,207,0,1,0,0
908,0,3,207.232,153.126,444.92,1,0,0,0,55,0,9,1865.09,4,401,305,1.0,0.5,1.0,0.5,2.0,25,0,1,1,0
909,0,27,239.413,197.549,455.63,0,0,1,0,67,1,3,718.24,2,444,131,0.0,0.0,0.0,1.0,0.0,332,0,0,1,0
910,0,24,199.285,114.178,328.02,0,0,0,0,49,0,4,797.14,3,411,288,0.0,0.0,0.0,1.0,0.0,137,0,0,0,0
911,0,27,352.967,106.206,418.91,0,0,1,0,50,0,3,1058.9,2,508,107,0.0,0.0,0.0,1.0,0.0,307,1,0,0,0
912,0,6,212.779,170.846,453.12,1,0,0,0,66,0,9,1915.01,5,383,284,1.0,1.0,1.0,0.0,1.0,154,1,0,1,0
913,0,25,267.44,0.0,267.44,1,0,1,0,34,0,1,267.44,1,572,0,0.0,0.0,0.0,1.0,2.0,105,1,0,1,0
914,0,43,246.114,141.642,468.49,0,0,1,0,50,0,7,1722.8,4,388,307,1.0,0.5,1.0,0.5,2.0,153,0,1,0,0
915,0,31,255.229,96.87,371.81,0,1,0,1,28,1,7,1786.6,4,381,332,0.0,0.0,0.0,1.0,0.0,192,0,0,0,0
916,0,44,196.143,117.542,375.25,0,0,1,0,30,1,6,1176.86,4,396,239,0.0,0.0,0.0,1.0,0.0,122,1,0,0,0
917,0,9,224.92,123.271,383.17,0,0,0,1,47,0,8,1799.36,3,389,308,0.0,0.0,0.0,1.0,1.0,235,1,0,0,0
918,1,39,285.205,132.596,385.64,0,1,0,0,18,0,4,1140.82,4,385,313,0.0,0.0,0.0,1.0,0.0,81,1,0,0,1
919,1,29,221.067,189.295,476.92,0,1,0,1,47,0,7,1547.47,4,421,176,0.0,0.0,0.0,1.0,0.0,17,0,1,0,0
920,0,14,228.78,157.805,495.06,0,0,1,0,44,1,9,2059.02,4,450,260,0.0,0.0,0.0,0.0,1.0,84,1,0,1,0
921,0,36,296.367,114.13,419.53,0,0,0,1,57,0,6,1778.2,4,376,195,0.0,0.0,0.0,0.0,1.0,56,0,0,0,0
922,0,29,378.333,46.529,426.66,0,1,0,1,40,1,3,1135.0,3,441,208,1.0,1.0,1.0,0.0,1.0,143,0,1,0,1
923,0,43,273.65,137.317,488.03,1,0,0,0,37,0,9,2462.85,4,427,301,0.0,0.0,0.0,0.0,2.0,324,0,1,0,1
924,1,41,380.065,156.377,490.64,0,0,0,1,23,1,2,760.13,2,549,126,0.0,0.0,0.0,0.0,1.0,281,0,1,0,1
925,1,38,386.082,120.293,475.59,0,1,0,0,54,0,5,1930.41,4,421,134,0.0,0.0,0.0,1.0,0.0,345,1,0,0,1
926,1,22,157.62,0.0,157.62,1,0,0,0,37,1,1,157.62,1,455,0,0.0,0.0,0.0,1.0,0.0,242,0,0,0,0
927,1,12,292.468,227.207,493.07,1,0,0,1,54,1,5,1462.34,4,443,242,0.0,0.0,0.0,1.0,0.0,208,1,0,1,0
928,0,40,323.082,95.698,450.33,0,0,1,0,23,0,8,2584.66,4,454,249,0.0,0.0,0.0,0.5,2.0,224,0,1,1,0
929,0,49,358.27,0.0,358.27,0,0,0,0,46,0,1,358.27,1,528,0,0.0,0.0,0.0,1.0,0.0,318,0,0,0,0
930,0,26,404.805,54.907,443.63,0,1,0,1,30,0,2,809.61,1,572,98,0.0,0.0,0.0,1.0,0.0,143,0,1,0,0
931,0,46,397.056,107.862,481.74,1,0,0,0,44,0,5,1985.28,3,383,314,0.0,0.0,0.0,0.0,1.0,296,1,0,0,1
932,0,28,350.46,0.0,350.46,0,0,0,1,67,1,1,350.46,1,688,0,0.0,0.0,0.0,1.0,1.0,209,0,0,1,0
933,0,21,74.06,0.0,74.06,0,1,0,1,37,1,1,74.06,1,487,0,1.0,0.5,1.0,0.5,2.0,246,0,1,0,0
934,0,27,282.29,0.0,282.29,1,0,1,0,30,1,1,282.29,1,699,0,0.0,0.0,0.0,1.0,1.0,47,1,0,0,0
935,1,33,234.848,142.183,405.13,0,0,0,1,56,1,4,939.39,3,568,83,0.0,0.0,0.0,1.0,2.0,64,0,1,0,0
936,0,29,287.952,175.211,491.72,1,0,0,0,25,1,9,2591.57,5,367,274,0.0,0.0,0.0,1.0,0.0,156,1,0,0,1
937,1,24,263.237,127.513,396.13,0,0,0,0,34,1,7,1842.66,4,445,183,1.0,0.5,1.0,0.5,2.0,276,1,0,0,0
938,0,32,231.977,130.842,328.74,0,0,1,0,47,0,3,695.93,3,515,174,0.0,0.0,0.0,0.0,1.0,195,0,1,0,0
939,0,6,394.48,0.0,394.48,0,0,0,0,18,1,1,394.48,1,544,0,0.0,0.0,0.0,1.0,0.0,39,0,1,0,0
940,0,27,219.49,99.621,352.79,0,1,1,0,41,1,7,1536.43,5,420,296,2.0,1.0,1.0,0.5,2.0,271,1,0,0,0
941,0,16,240.138,142.436,430.46,0,0,0,1,33,1,6,1440.83,3,372,313,0.0,0.0,0.0,1.0,0.0,100,0,1,0,1
942,0,36,219.917,134.862,400.83,1,0,0,1,28,0,7,1539.42,5,405,305,0.0,0.0,0.0,1.0,0.0,201,0,0,0,0
943,0,47,199.46,117.945,282.86,0,1,0,1,21,1,2,398.92,2,516,179,0.0,0.0,0.0,1.0,1.0,287,0,1,0,0
944,0,30,256.02,210.483,460.41,0,1,1,0,21,0,5,1280.1,3,472,214,2.0,1.0,1.0,0.5,2.0,210,0,1,0,0
945,0,15,108.24,106.217,281.28,0,1,0,0,34,1,5,541.2,4,482,219,0.0,0.0,0.0,1.0,0.0,164,0,1,1,0
946,0,8,150.607,121.425,274.57,0,0,0,0,66,1,3,451.82,3,425,200,0.0,0.0,0.0,1.0,0.0,48,1,0,0,0
947,1,31,196.353,70.23,245.27,0,0,0,1,27,0,3,589.06,3,474,162,0.0,0.0,0.0,0.0,1.0,239,0,1,0,1
948,1,9,283.224,93.507,426.49,0,0,0,0,38,1,5,1416.12,4,449,222,0.0,0.0,0.0,1.0,0.0,322,1,0,1,0
949,0,42,239.075,180.84,452.93,0,0,1,0,55,1,4,956.3,3,462,189,0.0,0.0,0.0,1.0,0.0,202,0,0,0,0
950,0,21,271.292,81.02,357.99,0,0,1,0,66,0,4,1085.17,2,395,204,0.0,0.0,0.0,1.0,0.0,253,0,0,1,0
951,0,39,213.56,147.043,462.43,1,0,1,0,35,0,7,1494.92,4,434,288,1.0,0.5,1.0,0.5,2.0,53,0,0,1,0
952,0,39,344.33,0.0,344.33,0,0,1,0,27,1,1,344.33,1,705,0,0.0,0.0,0.0,0.0,1.0,286,0,1,0,1
953,0,43,286.731,154.596,474.14,0,1,0,0,62,1,9,2580.58,5,374,345,1.0,0.5,0.0,0.5,2.0,71,0,1,1,0
954,0,20,334.887,140.642,471.49,0,0,1,0,33,0,6,2009.32,4,420,176,0.0,0.0,0.0,1.0,0.0,164,0,0,0,0
955,0,26,242.29,174.497,482.49,0,0,0,0,56,0,6,1453.74,4,381,346,1.0,0.5,1.0,0.5,2.0,23,0,1,1,0
956,0,38,286.013,160.079,415.89,0,0,0,1,32,0,3,858.04,3,487,151,0.0,0.0,0.0,1.0,0.0,72,0,0,0,1
957,0,43,32.8,0.0,32.8,0,0,0,0,51,0,1,32.8,1,563,0,0.0,0.0,0.0,1.0,0.0,213,1,0,0,0
958,0,14,194.56,162.757,384.87,0,0,1,0,22,1,5,972.8,4,441,272,1.0,1.0,1.0,0.0,1.0,224,0,0,0,1
959,0,48,285.35,0.0,285.35,0,1,0,0,34,1,1,285.35,1,568,0,0.0,0.0,0.0,1.0,0.0,44,0,0,0,0
960,0,41,258.92,152.907,478.77,0,0,0,1,54,0,6,1553.52,3,438,240,0.0,0.0,0.0,0.0,2.0,324,0,0,0,0
961,0,21,321.443,152.613,442.53,0,1,0,1,25,1,3,964.33,2,369,79,0.0,0.0,0.0,0.5,2.0,244,1,0,0,1
962,1,19,255.27,257.132,479.92,0,0,0,1,41,0,4,1021.08,3,407,293,0.0,0.0,0.0,0.0,2.0,271,0,0,0,1
963,0,14,220.11,32.918,255.63,0,0,0,0,45,0,3,660.33,2,369,333,0.0,0.0,0.0,1.0,2.0,105,0,0,1,0
964,0,9,260.98,152.912,493.11,0,1,1,0,64,1,9,2348.82,4,381,269,0.0,0.0,0.0,0.5,2.0,293,0,0,0,0
965,1,42,213.98,0.0,213.98,0,1,1,0,25,0,1,213.98,1,432,0,1.0,1.0,1.0,0.0,1.0,173,1,0,1,0
966,1,4,299.679,108.147,444.27,0,0,0,0,40,0,7,2097.75,3,397,322,0.0,0.0,0.0,1.0,0.0,229,1,0,0,0
967,0,23,230.71,0.0,230.71,0,0,1,0,52,1,1,230.71,1,525,0,0.0,0.0,0.0,1.0,0.0,247,0,0,0,0
968,0,22,172.06,183.141,301.56,1,0,1,0,48,1,2,344.12,2,595,83,0.0,0.0,0.0,1.0,1.0,348,0,0,0,0
969,0,20,324.24,208.005,460.77,1,0,0,0,34,0,4,1296.96,3,428,250,1.0,1.0,1.0,0.0,1.0,250,0,0,0,0
970,1,19,124.78,156.61,426.54,0,0,0,1,45,1,6,748.68,4,434,230,1.0,0.5,1.0,0.0,2.0,284,0,1,1,0
971,1,19,141.975,81.084,199.31,1,0,1,0,65,1,2,283.95,2,512,152,0.0,0.0,0.0,1.0,0.0,75,1,0,0,0
972,0,23,368.48,192.619,482.06,0,0,0,1,65,1,3,1105.44,1,611,67,0.0,0.0,0.0,1.0,0.0,66,1,0,1,0
973,0,31,56.53,0.0,56.53,0,0,1,0,68,1,1,56.53,1,389,0,0.0,0.0,0.0,1.0,0.0,74,0,1,0,1
974,0,46,298.302,148.642,491.98,0,0,0,1,29,1,6,1789.81,4,402,300,0.0,0.0,0.0,1.0,0.0,110,1,0,0,0
975,1,19,270.311,99.817,415.87,1,0,0,1,41,1,7,1892.18,4,387,257,0.0,0.0,0.0,1.0,0.0,108,1,0,0,0
976,0,44,278.81,188.274,411.94,0,1,1,0,32,0,2,557.62,2,654,72,0.0,0.0,0.0,1.0,0.0,317,0,0,0,1
977,0,20,257.447,154.193,432.77,0,0,1,0,57,1,3,772.34,2,497,105,1.0,0.5,0.0,1.0,2.0,326,0,0,0,0
978,0,26,209.357,133.695,392.98,1,0,0,0,48,0,7,1465.5,5,416,285,1.0,1.0,1.0,0.0,1.0,108,1,0,0,1
979,1,6,244.469,97.526,365.35,0,0,1,0,44,0,7,1711.28,4,455,215,0.0,0.0,0.0,1.0,1.0,227,0,1,0,0
980,0,28,259.938,110.198,414.75,0,0,1,0,52,0,8,2079.5,4,372,312,1.0,1.0,1.0,0.0,1.0,241,0,0,1,0
981,0,41,285.43,0.0,285.43,0,1,0,0,35,1,1,285.43,1,672,0,0.0,0.0,0.0,1.0,0.0,99,0,1,0,1
982,1,4,152.202,91.397,273.8,1,0,0,1,53,1,6,913.21,3,470,223,0.0,0.0,0.0,1.0,1.0,194,1,0,0,0
983,0,49,279.06,145.165,449.42,0,0,0,0,25,0,5,1395.3,2,405,263,2.0,1.0,1.0,0.5,2.0,236,1,0,0,0
984,0,44,140.88,148.35,388.45,0,1,0,1,63,0,8,1127.04,4,374,341,1.0,1.0,0.0,1.0,1.0,244,0,1,1,0
985,0,9,350.516,161.627,476.8,0,1,0,0,66,0,5,1752.58,4,374,277,0.0,0.0,0.0,0.5,2.0,302,0,1,0,0
986,0,49,198.944,117.725,389.93,0,0,1,0,55,0,7,1392.61,4,448,256,1.0,0.5,0.0,1.0,2.0,53,0,0,0,1
987,1,14,240.521,112.416,415.19,1,0,1,0,22,1,7,1683.65,5,374,320,0.0,0.0,0.0,1.0,0.0,206,1,0,0,0
988,0,31,282.569,165.18,471.57,0,0,0,1,31,0,9,2543.12,5,398,328,1.0,0.5,1.0,0.0,2.0,320,0,1,0,1
989,1,29,218.631,174.886,469.8,0,1,1,0,55,1,7,1530.42,5,469,244,2.0,1.0,1.0,0.0,2.0,158,0,1,0,1
990,1,49,483.5,0.0,483.5,0,0,0,1,37,0,1,483.5,1,544,0,1.0,0.5,1.0,0.5,2.0,207,1,0,0,1
991,0,22,267.12,71.308,342.88,1,0,0,0,61,1,3,801.36,2,373,148,0.0,0.0,0.0,1.0,0.0,105,0,1,0,0
992,0,9,311.62,0.0,311.62,0,0,1,0,26,1,1,311.62,1,634,0,0.0,0.0,0.0,0.0,1.0,280,0,1,1,0
993,0,11,81.64,0.0,81.64,0,0,0,1,50,0,1,81.64,1,682,0,0.0,0.0,0.0,1.0,0.0,4,0,1,0,1
994,0,25,200.149,97.28,336.21,0,0,0,0,35,0,9,1801.34,4,380,336,2.0,1.0,1.0,0.0,2.0,161,1,0,0,0
995,1,34,204.0,172.455,494.9,0,1,1,0,23,0,5,1020.0,4,369,283,0.0,0.0,0.0,1.0,1.0,153,0,1,0,1
996,0,38,227.25,0.0,227.25,0,0,1,0,54,0,1,227.25,1,525,0,0.0,0.0,0.0,1.0,0.0,336,1,0,0,0
997,0,5,209.91,175.787,334.21,0,0,0,1,19,1,2,419.82,2,432,80,0.0,0.0,0.0,1.0,0.0,274,1,0,1,0
998,0,47,252.15,0.0,252.15,1,0,1,0,47,1,1,252.15,1,469,0,0.0,0.0,0.0,1.0,0.0,174,0,1,0,0
999,0,23,265.918,131.784,477.37,0,0,0,1,23,1,9,2393.26,4,389,321,0.0,0.0,0.0,1.0,0.0,357,0,1,0,0
1000,0,22,278.465,141.498,477.95,0,0,1,0,34,1,6,1670.79,3,383,249,0.0,0.0,0.0,1.0,0.0,140,1,0,0,0
